,dt,bid_count,position_count,cash_value,positions_value,total_value
0,2019-09-10,100,100,7226.53224945066,92588.29116821289,99814.82341766355
1,2019-09-11,0,100,7226.53224945066,93338.353723526,100564.88597297666
2,2019-09-12,0,100,7226.53224945066,93494.92818069458,100721.46043014523
3,2019-09-13,0,100,7226.53224945066,93513.76537132263,100740.29762077329
4,2019-09-16,0,100,7226.53224945066,93081.79422187805,100308.3264713287
5,2019-09-17,0,100,7226.53224945066,93206.081407547,100432.61365699765
6,2019-09-18,0,100,7226.53224945066,93119.88731765747,100346.41956710813
7,2019-09-19,0,100,7226.53224945066,93109.4282207489,100335.96047019956
8,2019-09-20,0,100,7226.53224945066,92779.34823608398,100005.88048553464
9,2019-09-23,0,100,7226.53224945066,92721.17599105835,99947.708240509
10,2019-09-24,0,100,7226.53224945066,91848.71493339539,99075.24718284604
11,2019-09-25,0,100,7226.53224945066,92383.7012758255,99610.23352527615
12,2019-09-26,0,100,7226.53224945066,92224.70004081726,99451.23229026792
13,2019-09-27,0,100,7226.53224945066,91954.62683677673,99181.15908622739
14,2019-09-30,0,100,7226.53224945066,92360.36438369751,99586.89663314816
15,2019-10-01,0,100,7226.53224945066,90957.32416343689,98183.85641288754
16,2019-10-02,0,100,7226.53224945066,89184.41642189026,96410.94867134091
17,2019-10-03,0,100,7226.53224945066,89824.94739818573,97051.47964763638
18,2019-10-04,0,100,7226.53224945066,91071.02747917175,98297.55972862241
19,2019-10-07,0,100,7226.53224945066,90744.67685699463,97971.20910644528
20,2019-10-08,0,100,7226.53224945066,89302.35737800598,96528.88962745664
21,2019-10-09,0,100,7226.53224945066,90063.93148612976,97290.46373558042
22,2019-10-10,0,100,7226.53224945066,90749.52346229553,97976.05571174619
23,2019-10-11,0,100,7226.53224945066,91820.56282234192,99047.09507179257
24,2019-10-14,0,100,7226.53224945066,91761.02305030823,98987.55529975888
25,2019-10-15,0,100,7226.53224945066,92722.94453239441,99949.47678184506
26,2019-10-16,0,100,7226.53224945066,92571.14479446411,99797.67704391477
27,2019-10-17,0,100,7226.53224945066,92895.15253448486,100121.68478393552
28,2019-10-18,0,100,7226.53224945066,92562.62850761414,99789.16075706479
29,2019-10-21,0,100,7226.53224945066,93123.27997016907,100349.81221961972
30,2019-10-22,0,100,7226.53224945066,93018.4891910553,100245.02144050595
31,2019-10-23,0,100,7226.53224945066,93140.297290802,100366.82954025266
32,2019-10-24,0,100,7226.53224945066,93238.25192070007,100464.78417015073
33,2019-10-25,0,100,7226.53224945066,93952.64497947693,101179.17722892758
34,2019-10-28,0,100,7226.53224945066,94422.29045295715,101648.82270240781
35,2019-10-29,0,100,7226.53224945066,94295.34062767029,101521.87287712094
36,2019-10-30,0,100,7226.53224945066,94732.58264541626,101959.11489486691
37,2019-10-31,0,100,7226.53224945066,94500.02075958252,101726.55300903317
38,2019-11-01,0,100,7226.53224945066,95528.49050712585,102755.02275657651
39,2019-11-04,0,100,7226.53224945066,96187.97662734985,103414.50887680051
40,2019-11-05,0,100,7226.53224945066,96205.0016784668,103431.53392791745
41,2019-11-06,0,100,7226.53224945066,96396.8647556305,103623.39700508115
42,2019-11-07,0,100,7226.53224945066,96835.13716888428,104061.66941833493
43,2019-11-08,0,100,7226.53224945066,97178.35471725464,104404.8869667053
44,2019-11-11,0,100,7226.53224945066,96987.08780479431,104213.62005424497
45,2019-11-12,0,100,7226.53224945066,97118.96002006531,104345.49226951596
46,2019-11-13,0,100,7226.53224945066,97004.18382835388,104230.71607780454
47,2019-11-14,0,100,7226.53224945066,97003.4212551117,104229.95350456235
48,2019-11-15,0,100,7226.53224945066,97783.17217826843,105009.70442771909
49,2019-11-18,0,100,7226.53224945066,97711.99641799927,104938.52866744992
50,2019-11-19,0,100,7226.53224945066,97557.0961894989,104783.62843894956
51,2019-11-20,0,100,7226.53224945066,97290.27062988281,104516.80287933347
52,2019-11-21,0,100,7226.53224945066,97304.9170627594,104531.44931221005
53,2019-11-22,0,100,7226.53224945066,97511.51364326477,104738.04589271542
54,2019-11-25,0,100,7226.53224945066,98199.61920547485,105426.15145492551
55,2019-11-26,0,100,7226.53224945066,98268.04412269592,105494.57637214658
56,2019-11-27,0,100,7226.53224945066,98642.42081069946,105868.95306015012
57,2019-11-29,0,100,7226.53224945066,98295.65413665771,105522.18638610837
58,2019-12-02,0,100,7226.53224945066,97547.93284606934,104774.46509551999
59,2019-12-03,0,100,7226.53224945066,96828.761013031,104055.29326248166
60,2019-12-04,0,100,7226.53224945066,97432.45607376099,104658.98832321164
61,2019-12-05,0,100,7226.53224945066,97537.85955047607,104764.39179992673
62,2019-12-06,0,100,7226.53224945066,98474.86521339417,105701.39746284482
63,2019-12-09,0,100,7226.53224945066,98350.9020576477,105577.43430709836
64,2019-12-10,0,100,7226.53224945066,98188.7995929718,105415.33184242246
65,2019-12-11,0,100,7226.53224945066,98432.91303253174,105659.4452819824
66,2019-12-12,0,100,7226.53224945066,99534.85591316223,106761.38816261289
67,2019-12-13,0,100,7226.53224945066,99394.03273391724,106620.56498336789
68,2019-12-16,0,100,7226.53224945066,100093.77591133118,107320.30816078183
69,2019-12-17,0,100,7226.53224945066,100205.97428703308,107432.50653648374
70,2019-12-18,0,100,7226.53224945066,100121.47622871399,107348.00847816464
71,2019-12-19,0,100,7226.53224945066,100546.78492164612,107773.31717109677
72,2019-12-20,0,100,7226.53224945066,101007.63718223572,108234.16943168637
73,2019-12-23,0,100,7226.53224945066,101102.88436317444,108329.4166126251
74,2019-12-24,0,100,7226.53224945066,101077.33706855774,108303.8693180084
75,2019-12-26,0,100,7226.53224945066,101464.14075279236,108690.67300224301
76,2019-12-27,0,100,7226.53224945066,101454.97137832642,108681.50362777707
77,2019-12-30,0,100,7226.53224945066,100763.57838249207,107990.11063194272
78,2019-12-31,0,100,7226.53224945066,101088.0133972168,108314.54564666745
79,2020-01-02,0,100,7226.53224945066,101902.85243606567,109129.38468551633
80,2020-01-03,0,100,7226.53224945066,101165.11570739746,108391.64795684812
81,2020-01-06,0,100,7226.53224945066,101498.79857063293,108725.33082008359
82,2020-01-07,0,100,7226.53224945066,101298.28890609741,108524.82115554807
83,2020-01-08,0,100,7226.53224945066,101833.72001457214,109060.2522640228
84,2020-01-09,0,100,7226.53224945066,102389.77161979675,109616.30386924741
85,2020-01-10,0,100,7226.53224945066,102012.79173278809,109239.32398223874
86,2020-01-13,0,100,7226.53224945066,102937.31549072266,110163.84774017331
87,2020-01-14,0,100,7226.53224945066,103007.53353118896,110234.06578063962
88,2020-01-15,0,100,7226.53224945066,103013.14206314087,110239.67431259152
89,2020-01-16,0,100,7226.53224945066,103648.4227848053,110874.95503425595
90,2020-01-17,0,100,7226.53224945066,103991.70906066895,111218.2413101196
91,2020-01-21,0,100,7226.53224945066,103832.91171646118,111059.44396591184
92,2020-01-22,0,100,7226.53224945066,103950.75030899048,111177.28255844113
93,2020-01-23,0,100,7226.53224945066,104027.11945343018,111253.65170288083
94,2020-01-24,0,100,7226.53224945066,103027.96347618103,110254.49572563168
95,2020-01-27,0,100,7226.53224945066,101484.99479866028,108711.52704811093
96,2020-01-28,0,100,7226.53224945066,102256.5897731781,109483.12202262876
97,2020-01-29,0,100,7226.53224945066,102083.93081474304,109310.4630641937
98,2020-01-30,0,100,7226.53224945066,102549.57499694824,109776.1072463989
99,2020-01-31,0,100,7226.53224945066,100736.66021156311,107963.19246101376
100,2020-02-03,0,100,7226.53224945066,101994.57587051392,109221.10811996457
101,2020-02-04,0,100,7226.53224945066,103793.74381256104,111020.27606201169
102,2020-02-05,0,100,7226.53224945066,104406.85147666931,111633.38372611997
103,2020-02-06,0,100,7226.53224945066,104775.26386451721,112001.79611396787
104,2020-02-07,0,100,7226.53224945066,104328.93011856079,111555.46236801145
105,2020-02-10,0,100,7226.53224945066,105049.85282897949,112276.38507843015
106,2020-02-11,0,100,7226.53224945066,105483.78043746948,112710.31268692014
107,2020-02-12,0,100,7226.53224945066,106040.06431770325,113266.5965671539
108,2020-02-13,0,100,7226.53224945066,105868.57319641113,113095.10544586179
109,2020-02-14,0,100,7226.53224945066,105893.1842842102,113119.71653366086
110,2020-02-18,0,100,7226.53224945066,105806.43329429626,113032.96554374692
111,2020-02-19,0,100,7226.53224945066,106484.79172325134,113711.323972702
112,2020-02-20,0,100,7226.53224945066,106139.46521949768,113365.99746894834
113,2020-02-21,0,100,7226.53224945066,105242.3582572937,112468.89050674436
114,2020-02-24,0,100,7226.53224945066,101656.11975860596,108882.65200805661
115,2020-02-25,0,100,7226.53224945066,98379.19761276245,105605.7298622131
116,2020-02-26,0,100,7226.53224945066,97839.21208381653,105065.74433326718
117,2020-02-27,0,100,7226.53224945066,93569.16838264465,100795.70063209531
118,2020-02-28,0,100,7226.53224945066,92580.78511047363,99807.31735992429
119,2020-03-02,0,100,7226.53224945066,96751.18776893616,103977.72001838681
120,2020-03-03,0,100,7226.53224945066,94102.70275878906,101329.23500823972
121,2020-03-04,0,100,7226.53224945066,97940.09882354736,105166.63107299802
122,2020-03-05,0,100,7226.53224945066,94683.25762367249,101909.78987312314
123,2020-03-06,0,100,7226.53224945066,93196.50356292725,100423.0358123779
124,2020-03-09,0,100,7226.53224945066,85732.70046234131,92959.23271179196
125,2020-03-10,0,100,7226.53224945066,89845.7231426239,97072.25539207456
126,2020-03-11,0,100,7226.53224945066,85575.85591316223,92802.38816261289
127,2020-03-12,0,100,7226.53224945066,77122.784034729,84349.31628417966
128,2020-03-13,0,100,7226.53224945066,84350.79598236084,91577.3282318115
129,2020-03-16,0,100,7226.53224945066,74243.40221595764,81469.9344654083
130,2020-03-17,0,100,7226.53224945066,78668.3938961029,85894.92614555356
131,2020-03-18,0,100,7226.53224945066,74857.20519065857,82083.73744010922
132,2020-03-19,0,100,7226.53224945066,75423.30673980713,82649.83898925778
133,2020-03-20,0,100,7226.53224945066,72133.63843536377,79360.17068481442
134,2020-03-23,0,100,7226.53224945066,70003.1958618164,77229.72811126706
135,2020-03-24,0,100,7226.53224945066,76635.04970550537,83861.58195495603
136,2020-03-25,0,100,7226.53224945066,77560.60596466064,84787.1382141113
137,2020-03-26,0,100,7226.53224945066,82462.00776290894,89688.54001235959
138,2020-03-27,0,100,7226.53224945066,79893.41552352905,87119.9477729797
139,2020-03-30,0,100,7226.53224945066,82312.17733955383,89538.70958900449
140,2020-03-31,0,100,7226.53224945066,81116.60023117065,88343.13248062131
141,2020-04-01,0,100,7226.53224945066,77513.89066123962,84740.42291069028
142,2020-04-02,0,100,7226.53224945066,79427.00383377075,86653.5360832214
143,2020-04-03,0,100,7226.53224945066,78284.93276977539,85511.46501922605
144,2020-04-06,0,100,7226.53224945066,83438.90015029907,90665.43239974973
145,2020-04-07,0,100,7226.53224945066,83393.40783691406,90619.94008636472
146,2020-04-08,0,100,7226.53224945066,86234.12359809875,93460.65584754941
147,2020-04-09,0,100,7226.53224945066,87538.33325004578,94764.86549949643
148,2020-04-13,0,100,7226.53224945066,86869.14324951172,94095.67549896237
149,2020-04-14,0,100,7226.53224945066,89454.49625205994,96681.02850151059
150,2020-04-15,0,100,7226.53224945066,87377.62697029114,94604.15921974179
151,2020-04-16,0,100,7226.53224945066,87783.37602424622,95009.90827369687
152,2020-04-17,0,100,7226.53224945066,90290.8043384552,97517.33658790585
153,2020-04-20,0,100,7226.53224945066,88847.52979660034,96074.062046051
154,2020-04-21,0,100,7226.53224945066,86030.42317008972,93256.95541954038
155,2020-04-22,0,100,7226.53224945066,87966.54474067688,95193.07699012753
156,2020-04-23,0,100,7226.53224945066,87795.15002250671,95021.68227195737
157,2020-04-24,0,100,7226.53224945066,89066.95576286316,96293.48801231381
158,2020-04-27,0,100,7226.53224945066,90922.5462398529,98149.07848930356
159,2020-04-28,0,100,7226.53224945066,90523.76767349243,97750.29992294309
160,2020-04-29,0,100,7226.53224945066,92492.03631210327,99718.56856155393
161,2020-04-30,0,100,7226.53224945066,91230.83601379395,98457.3682632446
162,2020-05-01,0,100,7226.53224945066,88477.76269340515,95704.2949428558
163,2020-05-04,0,100,7226.53224945066,88850.9808883667,96077.51313781735
164,2020-05-05,0,100,7226.53224945066,89536.58376312256,96763.11601257321
165,2020-05-06,0,100,7226.53224945066,88806.93407058716,96033.46632003781
166,2020-05-07,0,100,7226.53224945066,89900.79181671143,97127.32406616208
167,2020-05-08,0,100,7226.53224945066,91675.47508049011,98902.00732994077
168,2020-05-11,0,100,7226.53224945066,91547.46659469604,98773.9988441467
169,2020-05-12,0,100,7226.53224945066,89804.54908180237,97031.08133125302
170,2020-05-13,0,100,7226.53224945066,88217.75584411621,95444.28809356687
171,2020-05-14,0,100,7226.53224945066,89364.33964729309,96590.87189674375
172,2020-05-15,0,100,7226.53224945066,89644.58874320984,96871.1209926605
173,2020-05-18,0,100,7226.53224945066,92649.1882762909,99875.72052574155
174,2020-05-19,0,100,7226.53224945066,91433.67450141907,98660.20675086972
175,2020-05-20,0,100,7226.53224945066,92778.38578987122,100004.91803932187
176,2020-05-21,0,100,7226.53224945066,92210.9086894989,99437.44093894956
177,2020-05-22,0,100,7226.53224945066,92363.21202468872,99589.74427413938
178,2020-05-26,0,100,7226.53224945066,93704.30959892273,100930.84184837338
179,2020-05-27,0,100,7226.53224945066,95422.70414543152,102649.23639488217
180,2020-05-28,0,100,7226.53224945066,95125.46460914612,102351.99685859677
181,2020-05-29,0,100,7226.53224945066,95625.78279495239,102852.31504440305
182,2020-06-01,0,100,7226.53224945066,96094.50144195557,103321.03369140622
183,2020-06-02,0,100,7226.53224945066,96913.32806968689,104139.86031913754
184,2020-06-03,0,100,7226.53224945066,98379.42118644714,105605.9534358978
185,2020-06-04,0,100,7226.53224945066,98434.02889633179,105660.56114578244
186,2020-06-05,0,100,7226.53224945066,100950.45936775208,108176.99161720273
187,2020-06-08,0,100,7226.53224945066,102628.05307006836,109854.58531951901
188,2020-06-09,0,100,7226.53224945066,101452.57110977173,108679.10335922238
189,2020-06-10,0,100,7226.53224945066,100900.82748031616,108127.35972976682
190,2020-06-11,0,100,7226.53224945066,94908.0390625,102134.57131195065
191,2020-06-12,0,100,7226.53224945066,96147.03770637512,103373.56995582578
192,2020-06-15,0,100,7226.53224945066,97116.9495677948,104343.48181724545
193,2020-06-16,0,100,7226.53224945066,98831.51815032959,106058.05039978024
194,2020-06-17,0,100,7226.53224945066,98441.17374610901,105667.70599555966
195,2020-06-18,0,100,7226.53224945066,98617.91505622864,105844.44730567929
196,2020-06-19,0,100,7226.53224945066,98166.3777809143,105392.91003036496
197,2020-06-22,0,100,7226.53224945066,98468.74578475952,105695.27803421018
198,2020-06-23,0,100,7226.53224945066,98709.83093261719,105936.36318206784
199,2020-06-24,0,100,7226.53224945066,96154.49689865112,103381.02914810178
200,2020-06-25,0,100,7226.53224945066,97384.54493713379,104611.07718658444
201,2020-06-26,0,100,7226.53224945066,94883.90384101868,102110.43609046933
202,2020-06-29,0,100,7226.53224945066,96499.11934661865,103725.6515960693
203,2020-06-30,0,100,7226.53224945066,98052.26076698303,105278.79301643369
204,2020-07-01,0,100,7226.53224945066,98552.81295585632,105779.34520530698
205,2020-07-02,0,100,7226.53224945066,99420.01683425903,106646.54908370969
206,2020-07-06,0,100,7226.53224945066,101450.12288093567,108676.65513038632
207,2020-07-07,0,100,7226.53224945066,100600.16143417358,107826.69368362424
208,2020-07-08,0,100,7226.53224945066,101085.02049446106,108311.55274391171
209,2020-07-09,0,100,7226.53224945066,100195.38251113892,107421.91476058957
210,2020-07-10,0,100,7226.53224945066,102204.80764198303,109431.33989143369
211,2020-07-13,0,100,7226.53224945066,101400.47399330139,108627.00624275205
212,2020-07-14,0,100,7226.53224945066,102795.24193763733,110021.77418708798
213,2020-07-15,0,100,7226.53224945066,103727.56161880493,110954.09386825559
214,2020-07-16,0,100,7226.53224945066,103517.62712478638,110744.15937423703
215,2020-07-17,0,100,7226.53224945066,103756.82759666443,110983.35984611508
216,2020-07-20,0,100,7226.53224945066,104423.1404247284,111649.67267417905
217,2020-07-21,0,100,7226.53224945066,104541.70316886902,111768.23541831967
218,2020-07-22,0,100,7226.53224945066,105148.06161880493,112374.59386825559
219,2020-07-23,0,100,7226.53224945066,103993.90738868713,111220.43963813779
220,2020-07-24,0,100,7226.53224945066,102869.33392524719,110095.86617469785
221,2020-07-27,0,100,7226.53224945066,103999.8286037445,111226.36085319516
222,2020-07-28,0,100,7226.53224945066,103376.23008918762,110602.76233863828
223,2020-07-29,0,100,7226.53224945066,104384.40633392334,111610.938583374
224,2020-07-30,0,100,7226.53224945066,103809.0687828064,111035.60103225705
225,2020-07-31,0,100,7226.53224945066,103581.6081981659,110808.14044761655
226,2020-08-03,0,100,7226.53224945066,104385.56727409363,111612.09952354428
227,2020-08-04,0,100,7226.53224945066,104867.37748908997,112093.90973854062
228,2020-08-05,0,100,7226.53224945066,105502.40309333801,112728.93534278867
229,2020-08-06,0,100,7226.53224945066,105909.36385917664,113135.89610862729
230,2020-08-07,0,100,7226.53224945066,106346.01711654663,113572.54936599729
231,2020-08-10,0,100,7226.53224945066,106762.80529403687,113989.33754348752
232,2020-08-11,0,100,7226.53224945066,106193.22874450684,113419.76099395749
233,2020-08-12,0,100,7226.53224945066,108220.81192588806,115447.34417533872
234,2020-08-13,0,100,7226.53224945066,108105.0602722168,115331.59252166745
235,2020-08-14,0,100,7226.53224945066,108347.163854599,115573.69610404965
236,2020-08-17,0,100,7226.53224945066,109359.14978027344,116585.68202972409
237,2020-08-18,0,100,7226.53224945066,109608.32782936096,116834.86007881162
238,2020-08-19,0,100,7226.53224945066,109370.74873542786,116597.28098487851
239,2020-08-20,0,100,7226.53224945066,109831.94733047485,117058.47957992551
240,2020-08-21,0,100,7226.53224945066,110264.42722511292,117490.95947456357
241,2020-08-24,0,100,7226.53224945066,111344.84385681152,118571.37610626218
242,2020-08-25,0,100,7226.53224945066,111631.18522071838,118857.71747016904
243,2020-08-26,0,100,7226.53224945066,113158.97964859009,120385.51189804074
244,2020-08-27,0,100,7226.53224945066,113751.45620536804,120977.9884548187
245,2020-08-28,0,100,7226.53224945066,114389.4903831482,121616.02263259885
246,2020-08-31,0,100,7226.53224945066,115065.196767807,122291.72901725766
247,2020-09-01,0,100,7226.53224945066,115172.80903053284,122399.34127998349
248,2020-09-02,0,100,7226.53224945066,116414.39589691162,123640.92814636228
249,2020-09-03,0,100,7226.53224945066,112338.43624687195,119564.9684963226
250,2020-09-04,0,100,7226.53224945066,112017.8655796051,119244.39782905576
251,2020-09-08,0,100,7226.53224945066,107736.24368286133,114962.77593231198
252,2020-09-09,0,100,7226.53224945066,110298.52857589722,117525.06082534787
253,2020-09-10,0,100,7226.53224945066,108790.47512054443,116017.00736999509
254,2020-09-11,0,100,7226.53224945066,109313.41991233826,116539.95216178891
255,2020-09-14,0,100,7226.53224945066,111581.69675445557,118808.22900390622
256,2020-09-15,0,100,7226.53224945066,112659.26041221619,119885.79266166684
257,2020-09-16,0,100,7226.53224945066,112289.23155212402,119515.76380157468
258,2020-09-17,0,100,7226.53224945066,111287.9940776825,118514.52632713315
259,2020-09-18,0,100,7226.53224945066,110723.7746334076,117950.30688285825
260,2020-09-21,0,100,7226.53224945066,109469.90977859497,116696.44202804563
261,2020-09-22,0,100,7226.53224945066,109584.87201690674,116811.4042663574
262,2020-09-23,0,100,7226.53224945066,106623.75471115112,113850.28696060178
263,2020-09-24,0,100,7226.53224945066,106918.58337783813,114145.11562728879
264,2020-09-25,0,100,7226.53224945066,108568.45652008057,115794.98876953122
265,2020-09-28,0,100,7226.53224945066,110445.81334495544,117672.3455944061
266,2020-09-29,0,100,7226.53224945066,109913.67923736572,117140.21148681638
267,2020-09-30,0,100,7226.53224945066,111139.25905418396,118365.79130363461
268,2020-10-01,0,100,7226.53224945066,111929.24736785889,119155.77961730954
269,2020-10-02,0,100,7226.53224945066,110505.90892982483,117732.44117927548
270,2020-10-05,0,100,7226.53224945066,112564.49754524231,119791.02979469296
271,2020-10-06,0,100,7226.53224945066,111101.59673690796,118328.12898635861
272,2020-10-07,0,100,7226.53224945066,113303.13351249695,120529.6657619476
273,2020-10-08,0,100,7226.53224945066,114181.7673034668,121408.29955291745
274,2020-10-09,0,100,7226.53224945066,115060.31893920898,122286.85118865964
275,2020-10-12,0,100,7226.53224945066,116508.47324943542,123735.00549888608
276,2020-10-13,0,100,7226.53224945066,116128.66523170471,123355.19748115537
277,2020-10-14,0,100,7226.53224945066,115764.17140007019,122990.70364952084
278,2020-10-15,0,100,7226.53224945066,115490.04952049255,122716.58176994321
279,2020-10-16,0,100,7226.53224945066,115705.63285255432,122932.16510200498
280,2020-10-19,0,100,7226.53224945066,113946.7354812622,121173.26773071286
281,2020-10-20,0,100,7226.53224945066,114267.23731613159,121493.76956558225
282,2020-10-21,0,100,7226.53224945066,113734.1510887146,120960.68333816525
283,2020-10-22,0,100,7226.53224945066,114446.37068367004,121672.9029331207
284,2020-10-23,0,100,7226.53224945066,114500.8584766388,121727.39072608945
285,2020-10-26,0,100,7226.53224945066,112452.21802902222,119678.75027847287
286,2020-10-27,0,100,7226.53224945066,111824.03225708008,119050.56450653073
287,2020-10-28,0,100,7226.53224945066,108044.94321632385,115271.4754657745
288,2020-10-29,0,100,7226.53224945066,109229.52671813965,116456.0589675903
289,2020-10-30,0,100,7226.53224945066,108049.94291687012,115276.47516632077
290,2020-11-02,0,100,7226.53224945066,109804.7051486969,117031.23739814755
291,2020-11-03,0,100,7226.53224945066,112030.77466964722,119257.30691909787
292,2020-11-04,0,100,7226.53224945066,113621.1821346283,120847.71438407895
293,2020-11-05,0,100,7226.53224945066,116038.06129074097,123264.59354019162
294,2020-11-06,0,100,7226.53224945066,115912.30073547363,123138.83298492429
295,2020-11-09,0,100,7226.53224945066,117256.73506736755,124483.26731681821
296,2020-11-10,0,100,7226.53224945066,117476.71243476868,124703.24468421933
297,2020-11-11,0,100,7226.53224945066,118297.78480529785,125524.3170547485
298,2020-11-12,0,100,7226.53224945066,117067.01315307617,124293.54540252683
299,2020-11-13,0,100,7226.53224945066,118583.68306350708,125810.21531295773
300,2020-11-16,0,100,7226.53224945066,119989.89979743958,127216.43204689023
301,2020-11-17,0,100,7226.53224945066,120222.04300880432,127448.57525825498
302,2020-11-18,0,100,7226.53224945066,120070.05513763428,127296.58738708493
303,2020-11-19,0,100,7226.53224945066,120735.32178115845,127961.8540306091
304,2020-11-20,0,100,7226.53224945066,119943.16352081299,127169.69577026364
305,2020-11-23,0,100,7226.53224945066,121618.72646903992,128845.25871849057
306,2020-11-24,0,100,7226.53224945066,124400.64912414551,131627.18137359616
307,2020-11-25,0,100,7226.53224945066,124425.71045303345,131652.2427024841
308,2020-11-27,0,100,7226.53224945066,124788.58852386475,132015.1207733154
309,2020-11-30,0,100,7226.53224945066,123722.6404132843,130949.17266273496
310,2020-12-01,0,100,7226.53224945066,125125.37298965454,132351.9052391052
311,2020-12-02,0,100,7226.53224945066,125174.24895477295,132400.7812042236
312,2020-12-03,0,100,7226.53224945066,125674.0464553833,132900.57870483396
313,2020-12-04,0,100,7226.53224945066,127073.95088005066,134300.4831295013
314,2020-12-07,0,100,7226.53224945066,127628.17834854126,134854.7105979919
315,2020-12-08,0,100,7226.53224945066,128065.7115020752,135292.24375152585
316,2020-12-09,0,100,7226.53224945066,126725.4964504242,133952.02869987485
317,2020-12-10,0,100,7226.53224945066,126930.07292175293,134156.60517120358
318,2020-12-11,0,100,7226.53224945066,126253.7237815857,133480.25603103635
319,2020-12-14,0,100,7226.53224945066,126231.93001174927,133458.46226119992
320,2020-12-15,0,100,7226.53224945066,127332.32000160217,134558.85225105283
321,2020-12-16,0,100,7226.53224945066,127154.38395881653,134380.91620826718
322,2020-12-17,0,100,7226.53224945066,128526.23089408875,135752.7631435394
323,2020-12-18,0,100,7226.53224945066,129017.2246055603,136243.75685501096
324,2020-12-21,0,100,7226.53224945066,127766.12052536011,134992.65277481076
325,2020-12-22,0,100,7226.53224945066,126965.23721122742,134191.76946067807
326,2020-12-23,0,100,7226.53224945066,127341.83761024475,134568.3698596954
327,2020-12-24,0,100,7226.53224945066,127877.9211769104,135104.45342636105
328,2020-12-28,0,100,7226.53224945066,128486.56472206116,135713.0969715118
329,2020-12-29,0,100,7226.53224945066,128335.12654495239,135561.65879440305
330,2020-12-30,0,100,7226.53224945066,129110.09095191956,136336.6232013702
331,2020-12-31,0,100,7226.53224945066,130262.52817344666,137489.0604228973
332,2021-01-04,0,100,7226.53224945066,129200.87516784668,136427.40741729733
333,2021-01-05,0,100,7226.53224945066,130196.87453842163,137423.40678787229
334,2021-01-06,0,100,7226.53224945066,131923.41127586365,139149.9435253143
335,2021-01-07,0,100,7226.53224945066,134526.57094955444,141753.1031990051
336,2021-01-08,0,100,7226.53224945066,136408.59901046753,143635.13125991818
337,2021-01-11,0,100,7226.53224945066,135024.9407863617,142251.47303581235
338,2021-01-12,0,100,7226.53224945066,135914.0281829834,143140.56043243405
339,2021-01-13,0,100,7226.53224945066,136361.8817768097,143588.41402626035
340,2021-01-14,0,100,7226.53224945066,136096.21630859375,143322.7485580444
341,2021-01-15,0,100,7226.53224945066,134727.8609237671,141954.39317321774
342,2021-01-19,0,100,7226.53224945066,136015.99104118347,143242.52329063413
343,2021-01-20,0,100,7226.53224945066,137395.58156967163,144622.11381912229
344,2021-01-21,0,100,7226.53224945066,136990.49361991882,144217.02586936948
345,2021-01-22,0,100,7226.53224945066,136586.17985343933,143812.71210289
346,2021-01-25,0,100,7226.53224945066,137360.21912574768,144586.75137519834
347,2021-01-26,0,100,7226.53224945066,137034.99104118347,144261.52329063413
348,2021-01-27,0,100,7226.53224945066,133202.4192428589,140428.95149230954
349,2021-01-28,0,100,7226.53224945066,134216.11212348938,141442.64437294003
350,2021-01-29,0,100,7226.53224945066,131350.1628780365,138576.69512748715
351,2021-02-01,0,100,7226.53224945066,133414.91980361938,140641.45205307004
352,2021-02-02,0,100,7226.53224945066,135974.50193023682,143201.03417968747
353,2021-02-03,0,100,7226.53224945066,135693.44355773926,142919.9758071899
354,2021-02-04,0,100,7226.53224945066,137125.07078170776,144351.60303115842
355,2021-02-05,0,100,7226.53224945066,137724.6549282074,144951.18717765805
356,2021-02-08,0,100,7226.53224945066,139020.40859985352,146246.94084930417
357,2021-02-09,0,100,7226.53224945066,138582.87553215027,145809.40778160092
358,2021-02-10,0,100,7226.53224945066,137652.70805358887,144879.24030303952
359,2021-02-11,0,100,7226.53224945066,137919.0592403412,145145.59148979184
360,2021-02-12,0,100,7226.53224945066,138607.25537490845,145833.7876243591
361,2021-02-16,0,100,7226.53224945066,138388.8542022705,145615.38645172116
362,2021-02-17,0,100,7226.53224945066,138477.60059165955,145704.1328411102
363,2021-02-18,0,100,7226.53224945066,137628.33913230896,144854.8713817596
364,2021-02-19,0,100,7226.53224945066,137165.73858642578,144392.27083587644
365,2021-02-22,0,100,7226.53224945066,135433.92142105103,142660.45367050168
366,2021-02-23,0,100,7226.53224945066,135110.72810554504,142337.2603549957
367,2021-02-24,0,100,7226.53224945066,137551.46639060974,144777.9986400604
368,2021-02-25,0,100,7226.53224945066,133758.64133644104,140985.1735858917
369,2021-02-26,0,100,7226.53224945066,132659.16142845154,139885.6936779022
370,2021-03-01,0,100,7226.53224945066,136144.38690948486,143370.91915893552
371,2021-03-02,0,100,7226.53224945066,134894.1219921112,142120.65424156186
372,2021-03-03,0,100,7226.53224945066,133113.1011238098,140339.63337326047
373,2021-03-04,0,100,7226.53224945066,130998.71962928772,138225.25187873837
374,2021-03-05,0,100,7226.53224945066,132750.28006744385,139976.8123168945
375,2021-03-08,0,100,7226.53224945066,131900.0235786438,139126.55582809445
376,2021-03-09,0,100,7226.53224945066,135221.44822883606,142447.9804782867
377,2021-03-10,0,100,7226.53224945066,136269.39614105225,143495.9283905029
378,2021-03-11,0,100,7226.53224945066,137741.28102493286,144967.81327438352
379,2021-03-12,0,100,7226.53224945066,138123.67403030396,145350.2062797546
380,2021-03-15,0,100,7226.53224945066,138870.22835731506,146096.76060676572
381,2021-03-16,0,100,7226.53224945066,138043.21884536743,145269.7510948181
382,2021-03-17,0,100,7226.53224945066,139001.41420555115,146227.9464550018
383,2021-03-18,0,100,7226.53224945066,136756.64969444275,143983.1819438934
384,2021-03-19,0,100,7226.53224945066,136773.35494613647,143999.88719558713
385,2021-03-22,0,100,7226.53224945066,137696.65599822998,144923.18824768063
386,2021-03-23,0,100,7226.53224945066,136372.79686546326,143599.3291149139
387,2021-03-24,0,100,7226.53224945066,135217.3671875,142443.89943695065
388,2021-03-25,0,100,7226.53224945066,136392.4051914215,143618.93744087216
389,2021-03-26,0,100,7226.53224945066,138234.35460853577,145460.88685798642
390,2021-03-29,0,100,7226.53224945066,138066.92051315308,145293.45276260373
391,2021-03-30,0,100,7226.53224945066,138326.75687217712,145553.28912162778
392,2021-03-31,0,100,7226.53224945066,139047.37071990967,146273.90296936032
393,2021-04-01,0,100,7226.53224945066,140008.86507034302,147235.39731979367
394,2021-04-05,0,100,7226.53224945066,142201.56790351868,149428.10015296933
395,2021-04-06,0,100,7226.53224945066,142123.32114219666,149349.8533916473
396,2021-04-07,0,100,7226.53224945066,141811.74180030823,149038.27404975888
397,2021-04-08,0,100,7226.53224945066,142408.0337753296,149634.56602478024
398,2021-04-09,0,100,7226.53224945066,143119.87810897827,150346.41035842893
399,2021-04-12,0,100,7226.53224945066,143810.81477165222,151037.34702110288
400,2021-04-13,0,100,7226.53224945066,145099.1800327301,152325.71228218076
401,2021-04-14,0,100,7226.53224945066,144295.58728981018,151522.11953926084
402,2021-04-15,0,100,7226.53224945066,145700.27778625488,152926.81003570554
403,2021-04-16,0,100,7226.53224945066,146150.028591156,153376.56084060666
404,2021-04-19,0,100,7226.53224945066,144962.28462982178,152188.81687927243
405,2021-04-20,0,100,7226.53224945066,143910.24399375916,151136.7762432098
406,2021-04-21,0,100,7226.53224945066,145465.66747283936,152692.19972229
407,2021-04-22,0,100,7226.53224945066,143752.2768058777,150978.80905532834
408,2021-04-23,0,100,7226.53224945066,145172.50957489014,152399.0418243408
409,2021-04-26,0,100,7226.53224945066,145427.06843948364,152653.6006889343
410,2021-04-27,0,100,7226.53224945066,144979.42815589905,152205.9604053497
411,2021-04-28,0,100,7226.53224945066,144805.34887313843,152031.88112258908
412,2021-04-29,0,100,7226.53224945066,145432.44048690796,152658.9727363586
413,2021-04-30,0,100,7226.53224945066,145234.7539920807,152461.28624153134
414,2021-05-03,0,100,7226.53224945066,145555.27212524414,152781.8043746948
415,2021-05-04,0,100,7226.53224945066,144782.46124839783,152008.99349784848
416,2021-05-05,0,100,7226.53224945066,145362.4162082672,152588.94845771787
417,2021-05-06,0,100,7226.53224945066,146627.83754730225,153854.3697967529
418,2021-05-07,0,100,7226.53224945066,147740.56566047668,154967.09790992734
419,2021-05-10,0,100,7226.53224945066,145972.71437072754,153199.2466201782
420,2021-05-11,0,100,7226.53224945066,144550.87913513184,151777.4113845825
421,2021-05-12,0,100,7226.53224945066,141440.43647766113,148666.9687271118
422,2021-05-13,0,100,7226.53224945066,142785.94457817078,150012.47682762143
423,2021-05-14,0,100,7226.53224945066,144960.60606193542,152187.13831138608
424,2021-05-17,0,100,7226.53224945066,144474.8667163849,151701.39896583554
425,2021-05-18,0,100,7226.53224945066,143445.23131752014,150671.7635669708
426,2021-05-19,0,100,7226.53224945066,142880.44457817078,150106.97682762143
427,2021-05-20,0,100,7226.53224945066,144593.88410377502,151820.41635322568
428,2021-05-21,0,100,7226.53224945066,144869.9197101593,152096.45195960996
429,2021-05-24,0,100,7226.53224945066,146477.26806259155,153703.8003120422
430,2021-05-25,0,100,7226.53224945066,145881.06595039368,153107.59819984433
431,2021-05-26,0,100,7226.53224945066,146521.0052242279,153747.53747367856
432,2021-05-27,0,100,7226.53224945066,147246.34260368347,154472.87485313413
433,2021-05-28,0,100,7226.53224945066,147375.53258132935,154602.06483078
434,2021-06-01,0,100,7226.53224945066,147296.64792442322,154523.18017387387
435,2021-06-02,0,100,7226.53224945066,147207.05396652222,154433.58621597287
436,2021-06-03,0,100,7226.53224945066,146740.85215377808,153967.38440322873
437,2021-06-04,0,100,7226.53224945066,148193.5323638916,155420.06461334226
438,2021-06-07,0,100,7226.53224945066,148151.67986297607,155378.21211242673
439,2021-06-08,0,100,7226.53224945066,147866.08928489685,155092.6215343475
440,2021-06-09,0,100,7226.53224945066,147304.93239212036,154531.46464157102
441,2021-06-10,0,100,7226.53224945066,147966.2607383728,155192.79298782346
442,2021-06-11,0,100,7226.53224945066,148235.59656715393,155462.12881660459
443,2021-06-14,0,100,7226.53224945066,148308.12442588806,155534.65667533872
444,2021-06-15,0,100,7226.53224945066,147809.79784965515,155036.3300991058
445,2021-06-16,0,100,7226.53224945066,147018.45711135864,154244.9893608093
446,2021-06-17,0,100,7226.53224945066,146754.47129821777,153981.00354766843
447,2021-06-18,0,100,7226.53224945066,144960.96646118164,152187.4987106323
448,2021-06-21,0,100,7226.53224945066,146896.06387519836,154122.59612464902
449,2021-06-22,0,100,7226.53224945066,147509.9457359314,154736.47798538205
450,2021-06-23,0,100,7226.53224945066,147938.25651550293,155164.78876495358
451,2021-06-24,0,100,7226.53224945066,149452.91114616394,156679.4433956146
452,2021-06-25,0,100,7226.53224945066,149858.8652381897,157085.39748764035
453,2021-06-28,0,100,7226.53224945066,150365.5372314453,157592.06948089597
454,2021-06-29,0,100,7226.53224945066,150155.251745224,157381.78399467465
455,2021-06-30,0,100,7226.53224945066,150460.67763519287,157687.20988464353
456,2021-07-01,0,100,7226.53224945066,151156.54546165466,158383.07771110532
457,2021-07-02,0,100,7226.53224945066,151924.58779907227,159151.12004852292
458,2021-07-06,0,100,7226.53224945066,150782.19199943542,158008.72424888608
459,2021-07-07,0,100,7226.53224945066,150880.14328575134,158106.675535202
460,2021-07-08,0,100,7226.53224945066,149823.95718193054,157050.4894313812
461,2021-07-09,0,100,7226.53224945066,151641.80809402466,158868.3403434753
462,2021-07-12,0,100,7226.53224945066,152898.47447395325,160125.0067234039
463,2021-07-13,0,100,7226.53224945066,152020.29925346375,159246.8315029144
464,2021-07-14,0,100,7226.53224945066,151726.6771697998,158953.20941925046
465,2021-07-15,0,100,7226.53224945066,151368.47212409973,158595.0043735504
466,2021-07-16,0,100,7226.53224945066,150121.16336631775,157347.6956157684
467,2021-07-19,0,100,7226.53224945066,148168.3621826172,155394.89443206784
468,2021-07-20,0,100,7226.53224945066,150339.97101783752,157566.50326728818
469,2021-07-21,0,100,7226.53224945066,151559.41375923157,158785.94600868222
470,2021-07-22,0,100,7226.53224945066,151441.70932388306,158668.2415733337
471,2021-07-23,0,100,7226.53224945066,152348.2899723053,159574.82222175595
472,2021-07-26,0,100,7226.53224945066,152980.97174263,160207.50399208066
473,2021-07-27,0,100,7226.53224945066,152122.43640708923,159348.9686565399
474,2021-07-28,0,100,7226.53224945066,152084.83683395386,159311.3690834045
475,2021-07-29,0,100,7226.53224945066,153373.42901229858,160599.96126174924
476,2021-07-30,0,100,7226.53224945066,152778.1194705963,160004.65172004697
477,2021-08-02,0,100,7226.53224945066,152924.93838500977,160151.47063446042
478,2021-08-03,0,100,7226.53224945066,154121.99100875854,161348.5232582092
479,2021-08-04,0,100,7226.53224945066,153185.47791862488,160412.01016807553
480,2021-08-05,0,100,7226.53224945066,154358.2642173767,161584.79646682736
481,2021-08-06,0,100,7226.53224945066,154549.55067634583,161776.08292579648
482,2021-08-09,0,100,7226.53224945066,154698.53873634338,161925.07098579404
483,2021-08-10,0,100,7226.53224945066,155197.52335739136,162424.055606842
484,2021-08-11,0,100,7226.53224945066,155829.6279258728,163056.16017532346
485,2021-08-12,0,100,7226.53224945066,156491.98336982727,163718.51561927792
486,2021-08-13,0,100,7226.53224945066,156561.9670829773,163788.49933242795
487,2021-08-16,0,100,7226.53224945066,156335.5894870758,163562.12173652646
488,2021-08-17,0,100,7226.53224945066,154858.03342819214,162084.5656776428
489,2021-08-18,0,100,7226.53224945066,153852.34152030945,161078.8737697601
490,2021-08-19,0,100,7226.53224945066,153490.12204360962,160716.65429306027
491,2021-08-20,0,100,7226.53224945066,154767.08998680115,161993.6222362518
492,2021-08-23,0,100,7226.53224945066,156262.29280471802,163488.82505416867
493,2021-08-24,0,100,7226.53224945066,156484.9174633026,163711.44971275327
494,2021-08-25,0,100,7226.53224945066,156960.1421737671,164186.67442321774
495,2021-08-26,0,100,7226.53224945066,155934.78435516357,163161.31660461423
496,2021-08-27,0,100,7226.53224945066,157441.5703239441,164668.10257339475
497,2021-08-30,0,100,7226.53224945066,157940.4340019226,165166.96625137326
498,2021-08-31,0,100,7226.53224945066,157860.10479164124,165086.6370410919
499,2021-09-01,0,100,7226.53224945066,157621.69017601013,164848.2224254608
500,2021-09-02,0,100,7226.53224945066,158108.6160697937,165335.14831924436
501,2021-09-03,0,100,7226.53224945066,157917.39504241943,165143.9272918701
502,2021-09-07,0,100,7226.53224945066,157569.50372886658,164796.03597831723
503,2021-09-08,0,100,7226.53224945066,157427.78340911865,164654.3156585693
504,2021-09-09,0,100,7226.53224945066,156571.65941429138,163798.19166374204
505,2021-09-10,0,100,7226.53224945066,155584.52699661255,162811.0592460632
506,2021-09-13,0,100,7226.53224945066,156059.34294891357,163285.87519836423
507,2021-09-14,0,100,7226.53224945066,154808.9581336975,162035.49038314816
508,2021-09-15,0,100,7226.53224945066,156254.79798316956,163481.3302326202
509,2021-09-16,0,100,7226.53224945066,155967.26486587524,163193.7971153259
510,2021-09-17,0,100,7226.53224945066,154978.1595840454,162204.69183349606
511,2021-09-20,0,100,7226.53224945066,152036.32481575012,159262.85706520078
512,2021-09-21,0,100,7226.53224945066,152062.1543865204,159288.68663597104
513,2021-09-22,0,100,7226.53224945066,153492.52261543274,160719.0548648834
514,2021-09-23,0,100,7226.53224945066,155471.79056739807,162698.32281684873
515,2021-09-24,0,100,7226.53224945066,155871.6322517395,163098.16450119016
516,2021-09-27,0,100,7226.53224945066,156214.90181159973,163441.4340610504
517,2021-09-28,0,100,7226.53224945066,153475.58121299744,160702.1134624481
518,2021-09-29,0,100,7226.53224945066,153924.49381446838,161151.02606391904
519,2021-09-30,0,100,7226.53224945066,151990.79570960999,159217.32795906064
520,2021-10-01,0,100,7226.53224945066,153453.46954917908,160680.00179862973
521,2021-10-04,0,100,7226.53224945066,152226.05191993713,159452.5841693878
522,2021-10-05,0,100,7226.53224945066,153725.04691314697,160951.57916259763
523,2021-10-06,0,100,7226.53224945066,154125.139919281,161351.67216873166
524,2021-10-07,0,100,7226.53224945066,155409.10794067383,162635.64019012448
525,2021-10-08,0,100,7226.53224945066,155147.35794830322,162373.89019775388
526,2021-10-11,0,100,7226.53224945066,154184.7368030548,161411.26905250546
527,2021-10-12,0,100,7226.53224945066,154157.95063591003,161384.4828853607
528,2021-10-13,0,100,7226.53224945066,154614.27580833435,161840.808057785
529,2021-10-14,0,100,7226.53224945066,157129.66339683533,164356.19564628598
530,2021-10-15,0,100,7226.53224945066,158717.91473388672,165944.44698333737
531,2021-10-18,0,100,7226.53224945066,159395.122505188,166621.65475463864
532,2021-10-19,0,100,7226.53224945066,160276.42641067505,167502.9586601257
533,2021-10-20,0,100,7226.53224945066,161031.8645515442,168258.39680099484
534,2021-10-21,0,100,7226.53224945066,161592.07498550415,168818.6072349548
535,2021-10-22,0,100,7226.53224945066,162143.689786911,169370.22203636167
536,2021-10-25,0,100,7226.53224945066,164897.0226612091,172123.55491065976
537,2021-10-26,0,100,7226.53224945066,165261.36845970154,172487.9007091522
538,2021-10-27,0,100,7226.53224945066,164203.52362632751,171430.05587577817
539,2021-10-28,0,100,7226.53224945066,166200.22053527832,173426.75278472897
540,2021-10-29,0,100,7226.53224945066,167171.83637809753,174398.3686275482
541,2021-11-01,0,100,7226.53224945066,169435.09331321716,176661.62556266782
542,2021-11-02,0,100,7226.53224945066,169572.64762115479,176799.17987060544
543,2021-11-03,0,100,7226.53224945066,171592.03534317017,178818.56759262082
544,2021-11-04,0,100,7226.53224945066,172763.29908370972,179989.83133316037
545,2021-11-05,0,100,7226.53224945066,172979.65092277527,180206.18317222592
546,2021-11-08,0,100,7226.53224945066,172217.50994682312,179444.04219627377
547,2021-11-09,0,100,7226.53224945066,168923.9484615326,176150.48071098325
548,2021-11-10,0,100,7226.53224945066,168955.3210029602,176181.85325241086
549,2021-11-11,0,100,7226.53224945066,169133.87174987793,176360.40399932858
550,2021-11-12,0,100,7226.53224945066,169324.90507888794,176551.4373283386
551,2021-11-15,0,100,7226.53224945066,168821.32793045044,176047.8601799011
552,2021-11-16,0,100,7226.53224945066,169859.13332939148,177085.66557884213
553,2021-11-17,0,100,7226.53224945066,169806.7642917633,177033.29654121396
554,2021-11-18,0,100,7226.53224945066,170193.942817688,177420.47506713864
555,2021-11-19,0,100,7226.53224945066,170468.82196044922,177695.35420989987
556,2021-11-22,0,100,7226.53224945066,170911.86311149597,178138.39536094663
557,2021-11-23,0,100,7226.53224945066,170542.4403400421,177768.97258949277
558,2021-11-24,0,100,7226.53224945066,170796.1807899475,178022.71303939816
559,2021-11-26,0,100,7226.53224945066,166949.37590408325,174175.9081535339
560,2021-11-29,0,100,7226.53224945066,169417.02081680298,176643.55306625363
561,2021-11-30,0,100,7226.53224945066,166303.2733783722,173529.80562782285
562,2021-12-01,0,100,7226.53224945066,163737.95690727234,170964.489156723
563,2021-12-02,0,100,7226.53224945066,165979.08429718018,173205.61654663083
564,2021-12-03,0,100,7226.53224945066,163811.18629837036,171037.71854782102
565,2021-12-06,0,100,7226.53224945066,165166.16457557678,172392.69682502744
566,2021-12-07,0,100,7226.53224945066,168596.99608421326,175823.5283336639
567,2021-12-08,0,100,7226.53224945066,168754.24420547485,175980.7764549255
568,2021-12-09,0,100,7226.53224945066,166691.51652145386,173918.0487709045
569,2021-12-10,0,100,7226.53224945066,168521.79461669922,175748.32686614987
570,2021-12-13,0,100,7226.53224945066,166064.39166641235,173290.923915863
571,2021-12-14,0,100,7226.53224945066,165344.54741096497,172571.07966041562
572,2021-12-15,0,100,7226.53224945066,168107.39934444427,175333.93159389493
573,2021-12-16,0,100,7226.53224945066,166706.733959198,173933.26620864865
574,2021-12-17,0,100,7226.53224945066,164680.429895401,171906.96214485166
575,2021-12-20,0,100,7226.53224945066,162539.27745246887,169765.80970191953
576,2021-12-21,0,100,7226.53224945066,165391.8903274536,172618.42257690427
577,2021-12-22,0,100,7226.53224945066,167966.70040512085,175193.2326545715
578,2021-12-23,0,100,7226.53224945066,170045.66947746277,177272.20172691342
579,2021-12-27,0,100,7226.53224945066,172438.16091537476,179664.6931648254
580,2021-12-28,0,100,7226.53224945066,172197.62493896484,179424.1571884155
581,2021-12-29,0,100,7226.53224945066,172324.12744522095,179550.6596946716
582,2021-12-30,0,100,7226.53224945066,171740.4457473755,178966.97799682614
583,2021-12-31,0,100,7226.53224945066,171302.5534248352,178529.08567428586
584,2022-01-03,0,100,7226.53224945066,175051.10104942322,182277.63329887387
585,2022-01-04,0,100,7226.53224945066,175029.39062309265,182255.9228725433
586,2022-01-05,0,100,7226.53224945066,171536.37873458862,178762.91098403928
587,2022-01-06,0,100,7226.53224945066,171316.88224983215,178543.4144992828
588,2022-01-07,0,100,7226.53224945066,170233.69537734985,177460.2276268005
589,2022-01-10,0,100,7226.53224945066,170654.44391441345,177880.9761638641
590,2022-01-11,0,100,7226.53224945066,171908.31740379333,179134.849653244
591,2022-01-12,0,100,7226.53224945066,172871.66437911987,180098.19662857053
592,2022-01-13,0,100,7226.53224945066,169979.37775802612,177205.91000747678
593,2022-01-14,0,100,7226.53224945066,170155.773563385,177382.30581283566
594,2022-01-18,0,100,7226.53224945066,167138.33472251892,174364.86697196958
595,2022-01-19,0,100,7226.53224945066,164820.07015419006,172046.60240364072
596,2022-01-20,0,100,7226.53224945066,163314.86668777466,170541.3989372253
597,2022-01-21,0,100,7226.53224945066,159842.06247138977,167068.59472084042
598,2022-01-24,0,100,7226.53224945066,159728.002035141,166954.53428459165
599,2022-01-25,0,100,7226.53224945066,158415.49512290955,165642.0273723602
600,2022-01-26,0,100,7226.53224945066,158401.7366962433,165628.26894569394
601,2022-01-27,0,100,7226.53224945066,155990.69009017944,163217.2223396301
602,2022-01-28,0,100,7226.53224945066,158964.93853378296,166191.4707832336
603,2022-01-31,0,100,7226.53224945066,162944.85097694397,170171.38322639462
604,2022-02-01,0,100,7226.53224945066,164317.3279953003,171543.86024475095
605,2022-02-02,0,100,7226.53224945066,164877.87378120422,172104.40603065488
606,2022-02-03,0,100,7226.53224945066,161755.2619380951,168981.79418754575
607,2022-02-04,0,100,7226.53224945066,162366.0125465393,169592.54479598996
608,2022-02-07,0,100,7226.53224945066,161837.12255859375,169063.6548080444
609,2022-02-08,0,100,7226.53224945066,163041.67970085144,170268.2119503021
610,2022-02-09,0,100,7226.53224945066,164965.74353027344,172192.2757797241
611,2022-02-10,0,100,7226.53224945066,161944.34389305115,169170.8761425018
612,2022-02-11,0,100,7226.53224945066,158532.12078094482,165758.65303039548
613,2022-02-14,0,100,7226.53224945066,158235.84534835815,165462.3775978088
614,2022-02-15,0,100,7226.53224945066,161309.3428249359,168535.87507438657
615,2022-02-16,0,100,7226.53224945066,161408.7982196808,168635.33046913144
616,2022-02-17,0,100,7226.53224945066,157578.58165550232,164805.11390495297
617,2022-02-18,0,100,7226.53224945066,156315.79656410217,163542.32881355283
618,2022-02-22,0,100,7226.53224945066,154314.06281471252,161540.59506416318
619,2022-02-23,0,100,7226.53224945066,151062.87874603271,158289.41099548337
620,2022-02-24,0,100,7226.53224945066,152668.4439163208,159894.97616577146
621,2022-02-25,0,100,7226.53224945066,156360.20940971375,163586.7416591644
622,2022-02-28,0,100,7226.53224945066,156931.98128318787,164158.51353263852
623,2022-03-01,0,100,7226.53224945066,154341.64262199402,161568.17487144467
624,2022-03-02,0,100,7226.53224945066,157307.02737426758,164533.55962371823
625,2022-03-03,0,100,7226.53224945066,156028.8210811615,163255.35333061215
626,2022-03-04,0,100,7226.53224945066,154859.30555915833,162085.83780860898
627,2022-03-07,0,100,7226.53224945066,150522.23478507996,157748.7670345306
628,2022-03-08,0,100,7226.53224945066,150015.8145122528,157242.34676170346
629,2022-03-09,0,100,7226.53224945066,153915.29462623596,161141.82687568662
630,2022-03-10,0,100,7226.53224945066,152998.62211036682,160225.15435981748
631,2022-03-11,0,100,7226.53224945066,150818.2891368866,158044.82138633725
632,2022-03-14,0,100,7226.53224945066,149888.71127319336,157115.243522644
633,2022-03-15,0,100,7226.53224945066,153144.90350151062,160371.43575096127
634,2022-03-16,0,100,7226.53224945066,156564.11996650696,163790.6522159576
635,2022-03-17,0,100,7226.53224945066,158903.69939994812,166130.23164939877
636,2022-03-18,0,100,7226.53224945066,160838.10072135925,168064.6329708099
637,2022-03-21,0,100,7226.53224945066,160928.0027141571,168154.53496360776
638,2022-03-22,0,100,7226.53224945066,163697.36236190796,170923.8946113586
639,2022-03-23,0,100,7226.53224945066,161751.80837249756,168978.3406219482
640,2022-03-24,0,100,7226.53224945066,164007.7117176056,171234.24396705625
641,2022-03-25,0,100,7226.53224945066,164617.66178703308,171844.19403648374
642,2022-03-28,0,100,7226.53224945066,166828.89225578308,174055.42450523374
643,2022-03-29,0,100,7226.53224945066,168587.92356681824,175814.4558162689
644,2022-03-30,0,100,7226.53224945066,167565.82591438293,174792.3581638336
645,2022-03-31,0,100,7226.53224945066,164918.6830482483,172145.21529769895
646,2022-04-01,0,100,7226.53224945066,165257.15561294556,172483.6878623962
647,2022-04-04,0,100,7226.53224945066,167157.94074440002,174384.47299385068
648,2022-04-05,0,100,7226.53224945066,164342.42743301392,171568.95968246457
649,2022-04-06,0,100,7226.53224945066,162577.14033699036,169803.672586441
650,2022-04-07,0,100,7226.53224945066,163459.13858413696,170685.67083358762
651,2022-04-08,0,100,7226.53224945066,162790.50925254822,170017.04150199887
652,2022-04-11,0,100,7226.53224945066,159878.19779777527,167104.73004722592
653,2022-04-12,0,100,7226.53224945066,159582.51149749756,166809.0437469482
654,2022-04-13,0,100,7226.53224945066,161483.1790523529,168709.71130180356
655,2022-04-14,0,100,7226.53224945066,159781.40788078308,167007.94013023374
656,2022-04-18,0,100,7226.53224945066,159982.55256652832,167209.08481597897
657,2022-04-19,0,100,7226.53224945066,162437.42749977112,169663.95974922177
658,2022-04-20,0,100,7226.53224945066,161429.52870368958,168656.06095314023
659,2022-04-21,0,100,7226.53224945066,160271.02968978882,167497.56193923947
660,2022-04-22,0,100,7226.53224945066,156301.16309165955,163527.6953411102
661,2022-04-25,0,100,7226.53224945066,156704.5725955963,163931.10484504697
662,2022-04-26,0,100,7226.53224945066,150857.03881645203,158083.57106590268
663,2022-04-27,0,100,7226.53224945066,150855.54432678223,158082.07657623288
664,2022-04-28,0,100,7226.53224945066,153828.22180747986,161054.7540569305
665,2022-04-29,0,100,7226.53224945066,149056.90985679626,156283.44210624692
666,2022-05-02,0,100,7226.53224945066,150526.5360774994,157753.06832695004
667,2022-05-03,0,100,7226.53224945066,151287.8485774994,158514.38082695004
668,2022-05-04,0,100,7226.53224945066,156325.07761383057,163551.60986328122
669,2022-05-05,0,100,7226.53224945066,150780.5382385254,158007.07048797605
670,2022-05-06,0,100,7226.53224945066,150158.80563545227,157385.33788490292
671,2022-05-09,0,100,7226.53224945066,145163.96153259277,152390.49378204343
672,2022-05-10,0,100,7226.53224945066,145322.544921875,152549.07717132565
673,2022-05-11,0,100,7226.53224945066,142539.968832016,149766.50108146665
674,2022-05-12,0,100,7226.53224945066,142394.85809707642,149621.39034652707
675,2022-05-13,0,100,7226.53224945066,145825.53964233398,153052.07189178464
676,2022-05-16,0,100,7226.53224945066,144754.41100120544,151980.9432506561
677,2022-05-17,0,100,7226.53224945066,147856.7101802826,155083.24242973325
678,2022-05-18,0,100,7226.53224945066,141563.5658378601,148790.09808731076
679,2022-05-19,0,100,7226.53224945066,140480.21951675415,147706.7517662048
680,2022-05-20,0,100,7226.53224945066,139782.04652023315,147008.5787696838
681,2022-05-23,0,100,7226.53224945066,142166.69555854797,149393.22780799863
682,2022-05-24,0,100,7226.53224945066,140848.38348197937,148074.91573143002
683,2022-05-25,0,100,7226.53224945066,142583.82178878784,149810.3540382385
684,2022-05-26,0,100,7226.53224945066,145830.51660728455,153057.0488567352
685,2022-05-27,0,100,7226.53224945066,149622.3369998932,156848.86924934384
686,2022-05-31,0,100,7226.53224945066,148791.9910144806,156018.52326393125
687,2022-06-01,0,100,7226.53224945066,147426.78203773499,154653.31428718564
688,2022-06-02,0,100,7226.53224945066,150262.27032661438,157488.80257606503
689,2022-06-03,0,100,7226.53224945066,147176.79615020752,154403.32839965817
690,2022-06-06,0,100,7226.53224945066,147631.4998664856,154858.03211593625
691,2022-06-07,0,100,7226.53224945066,148890.92315483093,156117.4554042816
692,2022-06-08,0,100,7226.53224945066,147524.7592830658,154751.29153251645
693,2022-06-09,0,100,7226.53224945066,144557.4155921936,151783.94784164426
694,2022-06-10,0,100,7226.53224945066,140535.7020702362,147762.23431968686
695,2022-06-13,0,100,7226.53224945066,135069.9695739746,142296.50182342526
696,2022-06-14,0,100,7226.53224945066,135091.70810127258,142318.24035072324
697,2022-06-15,0,100,7226.53224945066,137190.55199241638,144417.08424186704
698,2022-06-16,0,100,7226.53224945066,132462.8640575409,139689.39630699155
699,2022-06-17,0,100,7226.53224945066,132586.01889038086,139812.5511398315
700,2022-06-21,0,100,7226.53224945066,136702.5419216156,143929.07417106626
701,2022-06-22,0,100,7226.53224945066,136358.4716758728,143585.00392532346
702,2022-06-23,0,100,7226.53224945066,137154.11044883728,144380.64269828793
703,2022-06-24,0,100,7226.53224945066,141510.46614456177,148736.99839401242
704,2022-06-27,0,100,7226.53224945066,141103.64359092712,148330.17584037778
705,2022-06-28,0,100,7226.53224945066,138363.07599067688,145589.60824012753
706,2022-06-29,0,100,7226.53224945066,137757.30447769165,144983.8367271423
707,2022-06-30,0,100,7226.53224945066,136655.50551605225,143882.0377655029
708,2022-07-01,0,100,7226.53224945066,137875.93034362793,145102.46259307858
709,2022-07-05,0,100,7226.53224945066,137770.03380012512,144996.56604957578
710,2022-07-06,0,100,7226.53224945066,137893.41991996765,145119.9521694183
711,2022-07-07,0,100,7226.53224945066,140305.74667167664,147532.2789211273
712,2022-07-08,0,100,7226.53224945066,140536.09994888306,147762.6321983337
713,2022-07-11,0,100,7226.53224945066,138419.589012146,145646.12126159665
714,2022-07-12,0,100,7226.53224945066,137506.41537475586,144732.9476242065
715,2022-07-13,0,100,7226.53224945066,137025.61529922485,144252.1475486755
716,2022-07-14,0,100,7226.53224945066,136616.19067382812,143842.72292327878
717,2022-07-15,0,100,7226.53224945066,139219.38103485107,146445.91328430173
718,2022-07-18,0,100,7226.53224945066,138336.15765571594,145562.6899051666
719,2022-07-19,0,100,7226.53224945066,141888.72832489014,149115.2605743408
720,2022-07-20,0,100,7226.53224945066,142390.53387451172,149617.06612396237
721,2022-07-21,0,100,7226.53224945066,144878.45113563538,152104.98338508603
722,2022-07-22,0,100,7226.53224945066,144059.2205028534,151285.75275230405
723,2022-07-25,0,100,7226.53224945066,144256.68918800354,151483.2214374542
724,2022-07-26,0,100,7226.53224945066,142404.68747329712,149631.21972274777
725,2022-07-27,0,100,7226.53224945066,145864.62703323364,153091.1592826843
726,2022-07-28,0,100,7226.53224945066,147561.31519508362,154787.84744453427
727,2022-07-29,0,100,7226.53224945066,149819.3534526825,157045.88570213315
728,2022-08-01,0,100,7226.53224945066,149805.3072166443,157031.83946609494
729,2022-08-02,0,100,7226.53224945066,148841.48655319214,156068.0188026428
730,2022-08-03,0,100,7226.53224945066,151073.72688484192,158300.25913429257
731,2022-08-04,0,100,7226.53224945066,150885.4885787964,158112.02082824704
732,2022-08-05,0,100,7226.53224945066,149618.19839286804,156844.7306423187
733,2022-08-08,0,100,7226.53224945066,149577.3773765564,156803.90962600705
734,2022-08-09,0,100,7226.53224945066,148680.24594688416,155906.7781963348
735,2022-08-10,0,100,7226.53224945066,151940.16629600525,159166.6985454559
736,2022-08-11,0,100,7226.53224945066,151794.72228622437,159021.25453567502
737,2022-08-12,0,100,7226.53224945066,154813.42210006714,162039.9543495178
738,2022-08-15,0,100,7226.53224945066,155953.96309661865,163180.4953460693
739,2022-08-16,0,100,7226.53224945066,156273.59765625,163500.12990570065
740,2022-08-17,0,100,7226.53224945066,155014.23938941956,162240.7716388702
741,2022-08-18,0,100,7226.53224945066,155378.82852172852,162605.36077117917
742,2022-08-19,0,100,7226.53224945066,153557.28414154053,160783.81639099118
743,2022-08-22,0,100,7226.53224945066,150354.58093070984,157581.1131801605
744,2022-08-23,0,100,7226.53224945066,150425.9873943329,157652.51964378354
745,2022-08-24,0,100,7226.53224945066,150722.90722465515,157949.4394741058
746,2022-08-25,0,100,7226.53224945066,152492.0541419983,159718.58639144895
747,2022-08-26,0,100,7226.53224945066,147643.73168182373,154870.26393127438
748,2022-08-29,0,100,7226.53224945066,146678.78924751282,153905.32149696347
749,2022-08-30,0,100,7226.53224945066,144936.8039779663,152163.33622741696
750,2022-08-31,0,100,7226.53224945066,143806.18794631958,151032.72019577023
751,2022-09-01,0,100,7226.53224945066,144469.82110214233,151696.353351593
752,2022-09-02,0,100,7226.53224945066,142717.9345111847,149944.46676063535
753,2022-09-06,0,100,7226.53224945066,142471.71566009521,149698.24790954587
754,2022-09-07,0,100,7226.53224945066,145097.92412757874,152324.4563770294
755,2022-09-08,0,100,7226.53224945066,146368.6706390381,153595.20288848874
756,2022-09-09,0,100,7226.53224945066,148698.90007972717,155925.43232917783
