,dt,bid_count,position_count,cash_value,positions_value,total_value,bah
0,2019-09-10,0,0,100000.0,0.0,100000.0,100000.0
1,2019-09-11,0,0,100000.0,0.0,100000.0,100809.75614327598
2,2019-09-12,1,1,92584.33538970948,7400.862884521484,99985.19827423096,100987.54624689053
3,2019-09-13,0,1,92584.33538970948,7338.160705566406,99922.49609527588,101018.94878466289
4,2019-09-16,0,1,92584.33538970948,7303.5308837890625,99887.86627349854,100566.07063496429
5,2019-09-17,0,1,92584.33538970948,7364.365386962891,99948.70077667237,100716.1210733946
6,2019-09-18,1,2,64556.391267395025,35356.0173034668,99912.40857086182,100619.34585905011
7,2019-09-19,0,2,64556.391267395025,35447.314453125,100003.70572052003,100608.28583257181
8,2019-09-20,1,1,71695.87549285889,27791.000366210938,99486.87585906983,100221.47256931667
9,2019-09-23,0,1,71695.87549285889,27744.000244140625,99439.87573699951,100148.39786593309
10,2019-09-24,1,2,60916.97929077149,38004.3815612793,98921.36085205078,99207.975887969
11,2019-09-25,1,1,88604.49255981446,10580.704498291016,99185.19705810548,99775.93833808631
12,2019-09-26,0,1,88604.49255981446,10621.549224853516,99226.04178466798,99606.62173320544
13,2019-09-27,1,2,62243.877905273446,36981.79168701172,99225.66959228516,99282.44569411637
14,2019-09-30,2,2,62361.40808258057,37224.798583984375,99586.20666656495,99724.90857326616
15,2019-10-01,0,2,62361.40808258057,37378.92990112305,99740.33798370362,98240.52553464613
16,2019-10-02,0,2,62361.40808258057,36922.3030090332,99283.71109161378,96333.66408686675
17,2019-10-03,1,3,56668.36633529664,42617.88444519043,99286.25078048707,97036.44906610035
18,2019-10-04,0,3,56668.36633529664,43264.537048339844,99932.90338363648,98384.62433793236
19,2019-10-07,0,3,56668.36633529664,43429.20799255371,100097.57432785035,98018.23746222073
20,2019-10-08,0,3,56668.36633529664,42780.2734375,99448.63977279664,96472.86437181607
21,2019-10-09,1,3,29861.860457611092,69257.0930480957,99118.9535057068,97289.96272200144
22,2019-10-10,1,2,35554.69620132448,66390.38391113281,101945.08011245729,98027.20639568109
23,2019-10-11,0,2,35554.69620132448,67129.67529296875,102684.37149429323,99172.94184333182
24,2019-10-14,0,2,35554.69620132448,67636.35482788086,103191.05102920534,99117.96131668029
25,2019-10-15,2,2,84129.52074203493,18842.054748535156,102971.57549057009,100155.69297449505
26,2019-10-16,0,2,84129.52074203493,18857.986450195312,102987.50719223024,99999.39310929646
27,2019-10-17,0,2,84129.52074203493,18844.107055664062,102973.627797699,100340.58021485782
28,2019-10-18,1,3,71585.84867630007,31361.080932617188,102946.92960891726,99943.208158069
29,2019-10-21,1,4,67395.17395172121,35382.69081115723,102777.86476287844,100539.85264008823
30,2019-10-22,0,4,67395.17395172121,35399.5906829834,102794.76463470461,100407.05447969478
31,2019-10-23,0,4,67395.17395172121,35366.57638549805,102761.75033721926,100535.52226758884
32,2019-10-24,1,5,63121.05783615114,39611.6325378418,102732.69037399294,100655.31480355038
33,2019-10-25,1,4,75650.41819686892,27111.887741088867,102762.30593795779,101415.95073217641
34,2019-10-28,0,4,75650.41819686892,27210.1863861084,102860.60458297732,101928.740818905
35,2019-10-29,0,4,75650.41819686892,27040.82679748535,102691.24499435427,101792.995648023
36,2019-10-30,2,4,74874.75655670169,27999.262619018555,102874.01917572024,102277.1736940561
37,2019-10-31,0,4,74874.75655670169,28011.77520751953,102886.53176422122,102017.2671140952
38,2019-11-01,0,4,74874.75655670169,28007.690048217773,102882.44660491946,103107.07440922587
39,2019-11-04,0,4,74874.75655670169,28135.324478149414,103010.0810348511,103783.69360405469
40,2019-11-05,1,3,79255.64092559817,23663.845443725586,102919.48636932376,103811.31964921253
41,2019-11-06,1,4,59410.63156890872,43568.52111816406,102979.15268707278,104009.9350200294
42,2019-11-07,0,4,59410.63156890872,43627.041244506836,103037.67281341556,104399.02408712533
43,2019-11-08,0,4,59410.63156890872,44015.56091308594,103426.19248199466,104778.30449209367
44,2019-11-11,0,4,59410.63156890872,44093.20945739746,103503.84102630618,104594.16705941336
45,2019-11-12,1,5,37613.45754852298,66048.97804260254,103662.43559112551,104729.90286486014
46,2019-11-13,0,5,37613.45754852298,65947.90496826172,103561.36251678469,104608.94607255654
47,2019-11-14,0,5,37613.45754852298,66370.6428527832,103984.10040130618,104625.87450144596
48,2019-11-15,2,5,34342.25136413577,69828.12881469727,104170.38017883303,105452.76892205347
49,2019-11-18,1,6,26254.06213836673,78174.38735961914,104428.44949798587,105371.48930291474
50,2019-11-19,0,6,26254.06213836673,77073.73352050781,103327.79565887454,105221.07182162153
51,2019-11-20,1,5,31502.293648529085,71799.83596801758,103302.12961654666,104946.10035373761
52,2019-11-21,1,6,18858.31914443973,84366.96472167969,103225.28386611943,104957.91066847739
53,2019-11-22,0,6,18858.31914443973,84899.41635131836,103757.7354957581,105175.20209223381
54,2019-11-25,1,5,30023.56825485233,74195.01647949219,104218.58473434452,105925.0178610316
55,2019-11-26,0,5,30023.56825485233,74416.20788574219,104439.77614059452,106002.07223150462
56,2019-11-27,1,6,13840.266805267369,90734.00268554688,104574.26949081424,106410.34811231107
57,2019-11-29,0,6,13840.266805267369,90691.59240722656,104531.85921249393,106040.98493028725
58,2019-12-02,0,6,13840.266805267369,89888.10424804688,103728.37105331424,105204.46784637074
59,2019-12-03,1,6,13840.266805267369,89443.02139282227,103283.28819808963,104438.8427938525
60,2019-12-04,0,6,13840.266805267369,89442.8596496582,103283.12645492557,105090.84516496712
61,2019-12-05,1,5,35301.39671249393,67986.95220947266,103288.3489219666,105199.27986528502
62,2019-12-06,1,6,27242.535434722933,76337.52136230469,103580.05679702762,106215.7702577948
63,2019-12-09,1,7,22133.631967926056,81466.82662963867,103600.45859756472,106062.3456426373
64,2019-12-10,1,6,30096.831671905547,73307.31811523438,103404.14978713992,105880.07632267819
65,2019-12-11,0,6,30096.831671905547,73041.04385375977,103137.87552566531,106155.51455257866
66,2019-12-12,1,7,22055.926920318634,81465.380859375,103521.30777969363,107327.23561874946
67,2019-12-13,0,7,22055.926920318634,81931.39877319336,103987.32569351199,107201.58976340636
68,2019-12-16,0,7,22055.926920318634,82266.0530090332,104321.97992935183,107948.28126194135
69,2019-12-17,0,7,22055.926920318634,82715.42854309082,104771.35546340945,108071.25557584144
70,2019-12-18,1,8,5408.503278350861,99356.64405822754,104765.1473365784,107977.16513922594
71,2019-12-19,0,8,5408.503278350861,100020.93086242676,105429.43414077762,108451.95424805992
72,2019-12-20,1,7,26139.391883087188,79601.27143859863,105740.66332168582,108945.25719179063
73,2019-12-23,0,7,26139.391883087188,79644.51522827148,105783.90711135867,109058.46528635532
74,2019-12-24,1,8,13667.490880584746,91886.78741455078,105554.27829513553,109034.36774830653
75,2019-12-26,0,8,13667.490880584746,92012.72277832031,105680.21365890506,109455.80133459502
76,2019-12-27,1,8,1039.8728767395314,104806.30378723145,105846.17666397098,109450.06661354742
77,2019-12-30,2,7,17251.385120391875,87850.35247802734,105101.73759841922,108700.80019044083
78,2019-12-31,0,7,17251.385120391875,88322.56736755371,105573.95248794559,109041.8358510789
79,2020-01-02,0,7,17251.385120391875,87839.3871307373,105090.77225112918,109940.83518330766
80,2020-01-03,1,7,17251.385120391875,87694.58847045898,104945.97359085086,109158.19543524885
81,2020-01-06,1,8,5972.189933013948,99296.13151550293,105268.32144851687,109510.10034705218
82,2020-01-07,0,8,5972.189933013948,98686.26441955566,104658.4543525696,109307.97064395709
83,2020-01-08,0,8,5972.189933013948,99002.06146240234,104974.25139541629,109876.03688246068
84,2020-01-09,1,8,5972.189933013948,99236.54594421387,105208.73587722781,110492.52958030855
85,2020-01-10,1,7,14133.258182525666,90716.66831970215,104849.92650222781,110090.12254471004
86,2020-01-13,0,7,14133.258182525666,91060.98213195801,105194.24031448367,111072.88698735202
87,2020-01-14,0,7,14133.258182525666,91367.87300109863,105501.1311836243,111135.46294853413
88,2020-01-15,2,7,11994.428374481233,93696.31385803223,105690.74223251345,111152.9748571446
89,2020-01-16,0,7,11994.428374481233,94416.79039001465,106411.21876449588,111833.02075616356
90,2020-01-17,0,7,11994.428374481233,94106.75926208496,106101.18763656619,112194.29669306384
91,2020-01-21,1,7,11994.428374481233,94795.14617919922,106789.57455368045,111985.34256560849
92,2020-01-22,0,7,11994.428374481233,94303.8314819336,106298.25985641482,112109.93406271178
93,2020-01-23,0,7,11994.428374481233,94688.95072937012,106683.37910385134,112211.32795614157
94,2020-01-24,1,8,7755.397777557405,98169.69528198242,105925.09305953982,111153.61307529548
95,2020-01-27,1,8,7755.397777557405,97390.90347290039,105146.3012504578,109471.00732792298
96,2020-01-28,0,8,7755.397777557405,97470.26863098145,105225.66640853885,110308.42167837547
97,2020-01-29,0,8,7755.397777557405,97506.7268371582,105262.1246147156,110110.22916933236
98,2020-01-30,2,8,19558.494949340853,85693.79844665527,105252.29339599612,110578.8694205109
99,2020-01-31,0,8,19558.494949340853,84209.30290222168,103767.79785156253,108613.85963092363
100,2020-02-03,1,8,19558.494949340853,84410.32600402832,103968.82095336917,109942.55054507524
101,2020-02-04,0,8,19558.494949340853,85776.77345275879,105335.26840209964,111868.33089668871
102,2020-02-05,1,7,30712.452296447787,76078.37829589844,106790.83059234623,112596.39647000602
103,2020-02-06,1,8,18269.551286315953,88541.98760986328,106811.53889617923,113011.81468666883
104,2020-02-07,0,8,18269.551286315953,87951.40991210938,106220.96119842533,112502.52067503388
105,2020-02-10,1,7,32142.934523010288,74442.93785095215,106585.87237396244,113266.83918443685
106,2020-02-11,0,7,32142.934523010288,74472.42240905762,106615.35693206791,113743.87593017126
107,2020-02-12,1,8,20109.475028991736,86325.56800842285,106435.04303741458,114373.31787344409
108,2020-02-13,0,8,20109.475028991736,86775.32501220703,106884.80004119876,114192.48441595434
109,2020-02-14,0,8,20109.475028991736,87014.95971679688,107124.4347457886,114241.33666881488
110,2020-02-18,1,9,14074.750914764441,92756.37435913086,106831.1252738953,114128.11146131535
111,2020-02-19,0,9,14074.750914764441,92484.67216491699,106559.42307968144,114842.52669849363
112,2020-02-20,1,8,19649.468570709265,87557.44972229004,107206.9182929993,114454.0277433488
113,2020-02-21,1,9,17241.126420593297,90241.49208068848,107482.61850128177,113465.35300486752
114,2020-02-24,1,9,7966.89216613773,97970.21617889404,105937.10834503177,109568.92656569055
115,2020-02-25,1,8,19037.753404235875,83949.68795776367,102987.44136199955,106021.4458479077
116,2020-02-26,0,8,19037.753404235875,83158.90808105469,102196.66148529056,105444.07966187048
117,2020-02-27,1,8,19037.753404235875,79880.88817596436,98918.64158020023,100884.89506158239
118,2020-02-28,0,8,19037.753404235875,77778.37085723877,96816.12426147464,99837.92284440846
119,2020-03-02,0,8,19037.753404235875,81338.19618225098,100375.94958648685,104308.60776049698
120,2020-03-03,1,8,19037.753404235875,79212.815284729,98250.56868896488,101459.80782362279
121,2020-03-04,0,8,19037.753404235875,82184.83200073242,101222.5854049683,105602.4109083731
122,2020-03-05,1,7,22898.156392669713,76347.50881195068,99245.6652046204,102063.4092304239
123,2020-03-06,1,8,19025.804650116002,79913.07582855225,98938.88047866824,100460.566333232
124,2020-03-09,1,9,12505.659192657506,79818.66130828857,92324.32050094608,92457.40124683616
125,2020-03-10,1,8,17162.139869689978,79102.10285186768,96264.24272155765,96894.26020820603
126,2020-03-11,0,8,17162.139869689978,74646.47979736328,91808.61966705325,92251.34193260473
127,2020-03-12,1,9,8269.250736999547,75231.59141540527,83500.84215240482,83147.2897700225
128,2020-03-13,0,9,8269.250736999547,80949.3932723999,89218.64400939945,90961.46737434086
129,2020-03-16,0,9,8269.250736999547,69911.15207672119,78180.40281372074,80054.41152865604
130,2020-03-17,0,9,8269.250736999547,73531.85634613037,81801.10708312991,84822.34677198391
131,2020-03-18,1,10,2905.2088768005724,73853.91883850098,76759.12771530155,80688.14577341426
132,2020-03-19,0,10,2905.2088768005724,73959.6342086792,76864.84308547978,81285.01898653558
133,2020-03-20,1,9,8016.117545318638,64482.16381072998,72498.28135604862,77749.32062258771
134,2020-03-23,0,9,8016.117545318638,62507.022857666016,70523.14040298466,75483.38959538293
135,2020-03-24,1,9,8016.117545318638,68082.86075592041,76098.97830123905,82611.33149621055
136,2020-03-25,1,8,21508.04324111942,56305.94501495361,77813.98825607303,83687.54173845999
137,2020-03-26,0,8,21508.04324111942,59086.69452667236,80594.73776779178,88990.86446868045
138,2020-03-27,1,9,6485.5732246399275,72104.43286895752,78590.00609359745,86145.19046763485
139,2020-03-30,2,8,12726.56849365238,67410.46104431152,80137.0295379639,88756.20294763864
140,2020-03-31,0,8,12726.56849365238,65867.81845092773,78594.38694458011,87466.40653880045
141,2020-04-01,0,8,12726.56849365238,62643.559646606445,75370.12814025882,83584.2339801747
142,2020-04-02,0,8,12726.56849365238,63602.07271575928,76328.64120941165,85637.53612162385
143,2020-04-03,1,9,9477.995999145543,67002.1728515625,76480.16885070804,84394.28839133811
144,2020-04-06,1,10,3531.5267318725946,77470.73211669922,81002.25884857182,89999.84694574983
145,2020-04-07,0,10,3531.5267318725946,79488.79375457764,83020.32048645023,89922.13583449116
146,2020-04-08,0,10,3531.5267318725946,82789.25666809082,86320.78339996342,92960.87040078732
147,2020-04-09,1,10,3531.5267318725946,84409.47532653809,87941.00205841068,94361.33010520737
148,2020-04-13,0,10,3531.5267318725946,83192.31128692627,86723.83801879887,93645.28309901283
149,2020-04-14,0,10,3531.5267318725946,85506.68525695801,89038.2119888306,96418.25157253166
150,2020-04-15,2,10,3192.731141662634,83467.85488128662,86660.58602294925,94206.74133151793
151,2020-04-16,0,10,3192.731141662634,82470.20282745361,85662.93396911625,94646.0001779643
152,2020-04-17,0,10,3192.731141662634,85827.94551849365,89020.67666015628,97358.52771622744
153,2020-04-20,1,9,20239.814073181187,66958.65230560303,87198.46637878421,95781.07113666683
154,2020-04-21,1,9,20239.814073181187,65575.04539489746,85814.85946807865,92746.37660724383
155,2020-04-22,0,9,20239.814073181187,66563.36936950684,86803.18344268802,94818.02721796482
156,2020-04-23,0,9,20239.814073181187,66598.8998413086,86838.71391448978,94633.34840479137
157,2020-04-24,1,9,20239.814073181187,67403.68118286133,87643.49525604252,95982.86888843938
158,2020-04-27,1,10,16233.76040191654,73251.52568817139,89485.28609008793,97959.86855370564
159,2020-04-28,0,10,16233.76040191654,74455.3300857544,90689.09048767094,97533.2265729029
160,2020-04-29,0,10,16233.76040191654,76966.0514831543,93199.81188507084,99684.32381500176
161,2020-04-30,2,10,13036.52619400028,79024.1512298584,92060.67742385868,98346.16842930473
162,2020-05-01,0,10,13036.52619400028,76925.74272155762,89962.2689155579,95415.43794080893
163,2020-05-04,0,10,13036.52619400028,77482.60345458984,90519.12964859013,95793.05802592146
164,2020-05-05,1,9,23514.436611175573,66987.15324401855,90501.58985519412,96527.35832023177
165,2020-05-06,1,9,12902.754204559362,76834.35897827148,89737.11318283084,95748.86963622851
166,2020-05-07,0,9,12902.754204559362,77444.43550109863,90347.18970565799,96964.91259297245
167,2020-05-08,0,9,12902.754204559362,78744.84901428223,91647.60321884158,98824.49097099717
168,2020-05-11,0,9,12902.754204559362,79331.98318481445,92234.73738937381,98686.85450303533
169,2020-05-12,1,9,12902.754204559362,78086.75174713135,90989.5059516907,96786.41927492073
170,2020-05-13,0,9,12902.754204559362,77333.95481109619,90236.70901565555,95106.91789858228
171,2020-05-14,0,9,12902.754204559362,77846.9165802002,90749.67078475955,96321.08554608937
172,2020-05-15,2,8,19806.791840362584,71817.20542907715,91623.99726943973,96640.81421441813
173,2020-05-18,1,9,17358.129113006627,76351.03912353516,93709.16823654178,99932.08257335602
174,2020-05-19,0,9,17358.129113006627,75620.53203582764,92978.66114883426,98638.52076235232
175,2020-05-20,1,8,21003.788346862828,71919.97356414795,92923.76191101078,100090.26724519917
176,2020-05-21,1,9,15309.35680160526,77958.95442962646,93268.31123123172,99481.83918937051
177,2020-05-22,0,9,15309.35680160526,78118.52684020996,93427.88364181522,99673.16988613724
178,2020-05-26,0,9,15309.35680160526,79095.38516998291,94404.74197158817,101146.26616915695
179,2020-05-27,1,10,2686.729227447544,93384.70039367676,96071.4296211243,102970.13282107256
180,2020-05-28,0,10,2686.729227447544,93872.93643951416,96559.66566696171,102645.3603677006
181,2020-05-29,0,10,2686.729227447544,94495.87745666504,97182.60668411259,103165.0249086098
182,2020-06-01,0,10,2686.729227447544,94052.23236083984,96738.96158828739,103678.73323221193
183,2020-06-02,0,10,2686.729227447544,95294.05097961426,97980.7802070618,104543.37879775243
184,2020-06-03,1,10,2686.729227447544,96943.29490661621,99630.02413406376,106151.82354117438
185,2020-06-04,0,10,2686.729227447544,95937.12711334229,98623.85634078983,106204.5379345901
186,2020-06-05,1,9,6698.115959167515,93842.3360824585,100540.452041626,108926.16141026035
187,2020-06-08,0,9,6698.115959167515,95327.09426879883,102025.21022796634,110702.0699432024
188,2020-06-09,1,9,6698.115959167515,93758.85791778564,100456.97387695315,109431.6416606357
189,2020-06-10,1,8,20618.087046814002,79078.37314605713,99696.46019287113,108827.90972177996
190,2020-06-11,0,8,20618.087046814002,74792.45376586914,95410.54081268315,102350.05330206438
191,2020-06-12,1,9,16574.599801635777,80050.57334899902,96625.1731506348,103709.15745514352
192,2020-06-15,2,9,14110.685000610387,83283.26320648193,97393.94820709233,104748.90334829106
193,2020-06-16,0,9,14110.685000610387,85042.32368469238,99153.00868530278,106607.62533733467
194,2020-06-17,0,9,14110.685000610387,85287.98751831055,99398.67251892094,106189.14431827566
195,2020-06-18,1,10,2189.415380859411,97152.43377685547,99341.84915771488,106373.03070985203
196,2020-06-19,0,10,2189.415380859411,96739.22653198242,98928.64191284183,105894.12590680065
197,2020-06-22,0,10,2189.415380859411,97065.76919555664,99255.18457641605,106243.7972123372
198,2020-06-23,0,10,2189.415380859411,97035.8871459961,99225.3025268555,106527.79158311937
199,2020-06-24,1,10,2189.415380859411,94475.63419342041,96665.04957427982,103755.176662848
200,2020-06-25,1,9,27599.36552429203,69746.02966308594,97345.39518737796,105076.3189989315
201,2020-06-26,0,9,27599.36552429203,67676.75952911377,95276.12505340579,102362.14209290221
202,2020-06-29,0,9,27599.36552429203,69280.95035552979,96880.3158798218,104109.1414576077
203,2020-06-30,2,9,31101.19166564945,66818.01567077637,97919.20733642581,105754.00659258553
204,2020-07-01,0,9,31101.19166564945,67826.71146392822,98927.90312957767,106332.55396139077
205,2020-07-02,0,9,31101.19166564945,68314.35565948486,99415.5473251343,107242.55963525693
206,2020-07-06,1,10,10404.795739746129,89840.10944366455,100244.90518341068,109410.62721423256
207,2020-07-07,0,10,10404.795739746129,88776.91764831543,99181.71338806156,108455.16538203823
208,2020-07-08,0,10,10404.795739746129,89284.17472839355,99688.97046813968,108992.63715466906
209,2020-07-09,1,11,7977.644493484533,90616.17279052734,98593.81728401188,108053.52281730025
210,2020-07-10,1,10,11632.923045730628,88353.9665222168,99986.88956794742,110172.6777836818
211,2020-07-13,0,10,11632.923045730628,87267.48847961426,98900.41152534488,109282.3096409514
212,2020-07-14,0,10,11632.923045730628,88462.39414215088,100095.3171878815,110777.89362862498
213,2020-07-15,2,10,12713.826071548498,88252.67372131348,100966.49979286197,111823.89519743116
214,2020-07-16,0,10,12713.826071548498,88266.7501449585,100980.57621650699,111563.74372585815
215,2020-07-17,0,10,12713.826071548498,88482.89432525635,101196.72039680484,111814.33460627435
216,2020-07-20,1,9,15072.089708709753,86805.46951293945,101877.55922164921,112517.35883694662
217,2020-07-21,1,9,15072.089708709753,87230.50994873047,102302.59965744022,112637.05438342059
218,2020-07-22,0,9,15072.089708709753,87612.77294158936,102684.86265029911,113288.95602936577
219,2020-07-23,0,9,15072.089708709753,86049.2660522461,101121.35576095585,112039.05563523516
220,2020-07-24,1,9,15072.089708709753,85438.08898925781,100510.17869796757,110867.15322997478
221,2020-07-27,1,9,15072.089708709753,86758.53652954102,101830.62623825077,112058.54704507517
222,2020-07-28,0,9,15072.089708709753,85589.29862976074,100661.3883384705,111387.51311771112
223,2020-07-29,0,9,15072.089708709753,86607.2961807251,101679.38588943485,112468.61796422243
224,2020-07-30,2,9,12874.505142974891,88136.01551055908,101010.52065353397,111856.75745262988
225,2020-07-31,0,9,12874.505142974891,87248.0297088623,100122.53485183719,111630.48596577409
226,2020-08-03,1,10,2239.267266082801,99414.95456695557,101654.22183303836,112483.97401655225
227,2020-08-04,0,10,2239.267266082801,100159.06410217285,102398.33136825565,113012.39437646777
228,2020-08-05,1,9,18868.967641449013,83807.29751586914,102676.26515731815,113739.17315927324
229,2020-08-06,1,9,18868.967641449013,84421.86298370361,103290.83062515262,114191.94053692292
230,2020-08-07,0,9,18868.967641449013,84490.58437347412,103359.55201492313,114645.13273575231
231,2020-08-10,1,8,29842.16464462284,74265.9574508667,104108.12209548954,115080.76188186462
232,2020-08-11,0,8,29842.16464462284,73590.92273712158,103433.08738174442,114488.21494918481
233,2020-08-12,1,9,26028.698137664833,78757.93132781982,104786.62946548466,116619.36139978841
234,2020-08-13,0,9,26028.698137664833,78430.70793151855,104459.40606918339,116483.07310291643
235,2020-08-14,0,9,26028.698137664833,78783.0680847168,104811.76622238163,116723.63399574124
236,2020-08-17,0,9,26028.698137664833,79034.9229812622,105063.62111892704,117749.83873899883
237,2020-08-18,1,10,15274.903154754678,89899.5153427124,105174.41849746708,118029.7646535222
238,2020-08-19,0,10,15274.903154754678,91007.9797744751,106282.88292922977,117774.83364368234
239,2020-08-20,1,9,18922.967694091836,87395.4288482666,106318.39654235845,118262.15323770001
240,2020-08-21,1,10,11494.872113037149,95135.89096069336,106630.76307373052,118713.07708526657
241,2020-08-24,1,10,11494.872113037149,96353.98845672607,107848.86056976323,119891.61313819232
242,2020-08-25,1,9,17289.600982666056,91065.39649963379,108354.99748229985,120221.07235289455
243,2020-08-26,0,9,17289.600982666056,91740.88134765625,109030.48233032231,121889.5429016888
244,2020-08-27,1,10,9909.159112548869,99290.20309448242,109199.36220703128,122500.35357511099
245,2020-08-28,0,10,9909.159112548869,100318.02139282227,110227.18050537113,123216.37251519883
246,2020-08-31,0,10,9909.159112548869,99687.38784790039,109596.54696044925,123853.17556927231
247,2020-09-01,0,10,9909.159112548869,100600.36220550537,110509.52131805423,124027.86334815258
248,2020-09-02,0,10,9909.159112548869,102461.93103790283,112371.0901504517,125406.06953368612
249,2020-09-03,1,10,2381.202189636271,106127.4507522583,108508.65294189457,121049.33219386876
250,2020-09-04,0,10,2381.202189636271,105453.71894836426,107834.92113800053,120654.46374715002
251,2020-09-08,0,10,2381.202189636271,102187.84236907959,104569.04455871586,116148.61208960328
252,2020-09-09,1,10,2381.202189636271,104877.39639282227,107258.59858245854,118856.38941756713
253,2020-09-10,1,9,17535.957670593303,87972.15270996094,105508.11038055424,117199.14511411436
254,2020-09-11,0,9,17535.957670593303,88056.06651306152,105592.02418365482,117733.7572385253
255,2020-09-14,0,9,17535.957670593303,88615.20023345947,106151.15790405277,120112.72739786518
256,2020-09-15,2,9,18559.00414428715,88672.13687896729,107231.14102325443,121250.60880826086
257,2020-09-16,0,9,18559.00414428715,87708.6088180542,106267.61296234134,120869.27633138005
258,2020-09-17,0,9,18559.00414428715,87346.72260284424,105905.72674713138,119787.06152530026
259,2020-09-18,1,10,16137.995950317425,88558.71868133545,104696.71463165287,119136.70238683613
260,2020-09-21,1,11,12716.772018432659,91784.71412658691,104501.48614501957,117755.85401973219
261,2020-09-22,0,11,12716.772018432659,93118.62564086914,105835.3976593018,117950.89268583538
262,2020-09-23,0,11,12716.772018432659,90735.78128814697,103452.55330657963,114797.2525776038
263,2020-09-24,1,12,251.50351715092074,103966.97311401367,104218.4766311646,115099.83820848184
264,2020-09-25,1,11,2498.3289478302427,103237.65487670898,105735.98382453923,116863.33195655058
265,2020-09-28,0,11,2498.3289478302427,105198.14472198486,107696.47366981511,118890.54002889943
266,2020-09-29,0,11,2498.3289478302427,104535.27870178223,107033.60764961247,118319.19764557417
267,2020-09-30,2,11,3576.6438457489444,104310.56804656982,107887.21189231877,119627.51023260877
268,2020-10-01,0,11,3576.6438457489444,105320.21465301514,108896.85849876408,120479.3144383103
269,2020-10-02,0,11,3576.6438457489444,103610.37521362305,107187.01905937199,118951.51150662098
270,2020-10-05,1,10,24208.865433883708,84941.7163848877,109150.5818187714,121147.20947087677
271,2020-10-06,1,11,10286.675080490153,97840.26355743408,108126.93863792424,119581.04124071772
272,2020-10-07,0,11,10286.675080490153,99383.47339630127,109670.14847679142,121960.9473434263
273,2020-10-08,0,11,10286.675080490153,100223.65856170654,110510.3336421967,122905.46157690149
274,2020-10-09,1,11,10286.675080490153,101390.38581848145,111677.0608989716,123871.73701167916
275,2020-10-12,1,12,8453.761657333414,104674.64027404785,113128.40193138126,125425.30414280793
276,2020-10-13,0,12,8453.761657333414,104429.73670959473,112883.49836692814,124998.02112079153
277,2020-10-14,0,12,8453.761657333414,104061.32469177246,112515.08634910587,124557.9330830273
278,2020-10-15,2,12,15007.260053634685,97227.20909118652,112234.46914482121,124245.68311627283
279,2020-10-16,0,12,15007.260053634685,97520.14331817627,112527.40337181096,124469.07039808283
280,2020-10-19,0,12,15007.260053634685,96160.30521392822,111167.56526756291,122580.78142216831
281,2020-10-20,1,11,17834.25807228093,93735.49461364746,111569.7526859284,122933.24193876456
282,2020-10-21,1,12,1145.3774753571015,110139.46418762207,111284.84166297918,122363.23434587051
283,2020-10-22,0,12,1145.3774753571015,110812.8282546997,111958.20573005681,123138.55618626274
284,2020-10-23,0,12,1145.3774753571015,111042.82264709473,112188.20012245183,123218.1003954499
285,2020-10-26,0,12,1145.3774753571015,108961.2382888794,110106.6157642365,120979.38861652082
286,2020-10-27,1,12,1145.3774753571015,108340.58837890625,109485.96585426336,120289.71365457965
287,2020-10-28,0,12,1145.3774753571015,105029.07962799072,106174.45710334783,116204.50420243936
288,2020-10-29,0,12,1145.3774753571015,106149.02114868164,107294.39862403875,117471.51044622915
289,2020-10-30,2,11,17006.091257095384,90245.95127105713,107252.04252815251,116211.71897308755
290,2020-11-02,0,11,17006.091257095384,91365.66104888916,108371.75230598454,118050.07438761796
291,2020-11-03,1,12,4579.287593460131,104807.45334625244,109386.74093971257,120442.85482797047
292,2020-11-04,0,12,4579.287593460131,106277.68630981445,110856.97390327459,122247.35085496958
293,2020-11-05,1,11,6933.241058731127,106380.06610870361,113313.30716743474,124850.7565343571
294,2020-11-06,1,11,6933.241058731127,106795.56007385254,113728.80113258367,124727.97626202177
295,2020-11-09,1,12,440.7424900055412,115423.94599914551,115864.68848915104,126279.5593144712
296,2020-11-10,1,11,9499.23790473943,107372.02682495117,116871.2647296906,126439.36086862012
297,2020-11-11,0,11,9499.23790473943,107845.89710235596,117345.13500709539,127326.63225093391
298,2020-11-12,1,11,9499.23790473943,107002.74658203125,116501.98448677069,126001.35222364638
299,2020-11-13,0,11,9499.23790473943,108463.12866210938,117962.36656684881,127671.49802779684
300,2020-11-16,0,11,9499.23790473943,110371.27342224121,119870.51132698065,129178.62159963048
301,2020-11-17,0,11,9499.23790473943,109455.39073944092,118954.62864418035,129388.26023865317
302,2020-11-18,1,11,9499.23790473943,108964.38674926758,118463.62465400701,129159.54400960257
303,2020-11-19,0,11,9499.23790473943,109351.48239135742,118850.72029609686,129843.16970325397
304,2020-11-20,1,10,11337.165210723926,107232.69653320312,118569.86174392705,128982.97047055085
305,2020-11-23,0,10,11337.165210723926,108114.20783996582,119451.37305068974,130740.16754744899
306,2020-11-24,1,11,8554.11005783086,112572.36557006836,121126.47562789921,133699.54809587597
307,2020-11-25,1,10,25998.970668792776,94687.93468475342,120686.9053535462,133705.8481285967
308,2020-11-27,1,11,22320.596270752,98406.70108795166,120727.29735870365,134086.07858627324
309,2020-11-30,2,11,19132.08639373784,101318.06221008301,120450.14860382085,132967.46162961834
310,2020-12-01,0,11,19132.08639373784,102615.41957855225,121747.50597229009,134461.68934980867
311,2020-12-02,0,11,19132.08639373784,103762.0698928833,122894.15628662115,134529.77903907694
312,2020-12-03,1,12,16297.531504821825,106998.45905303955,123295.99055786137,135032.3736330552
313,2020-12-04,0,12,16297.531504821825,109118.28994750977,125415.82145233158,136524.79704567738
314,2020-12-07,0,12,16297.531504821825,108321.90532684326,124619.43683166508,137086.51132227964
315,2020-12-08,0,12,16297.531504821825,108916.82720184326,125214.35870666508,137510.8810238556
316,2020-12-09,1,13,12405.640410614062,112670.39413452148,125076.03454513554,136107.19983162897
317,2020-12-10,1,12,16336.164259338428,108755.3243637085,125091.48862304693,136296.7109964207
318,2020-12-11,0,12,16336.164259338428,109625.17166137695,125961.33592071538,135590.76464446774
319,2020-12-14,0,12,16336.164259338428,107766.05014801025,124102.21440734869,135543.91022092314
320,2020-12-15,2,12,9271.357521057178,115897.65491485596,125169.01243591313,136730.28585371794
321,2020-12-16,0,12,9271.357521057178,116002.96382904053,125274.3213500977,136564.18755072317
322,2020-12-17,0,12,9271.357521057178,116669.96555328369,125941.32307434086,138013.05841341117
323,2020-12-18,1,13,4121.335375213672,121198.23627471924,125319.57164993291,138502.1690102877
324,2020-12-21,1,13,4121.335375213672,121139.75429534912,125261.0896705628,137198.775800507
325,2020-12-22,0,13,4121.335375213672,120286.96765899658,124408.30303421026,136354.59889237495
326,2020-12-23,0,13,4121.335375213672,121049.60708618164,125170.94246139532,136756.05835533576
327,2020-12-24,1,13,4121.335375213672,121235.59226989746,125356.92764511114,137317.66478024825
328,2020-12-28,0,13,4121.335375213672,122120.89080810547,126242.22618331914,138001.47947112494
329,2020-12-29,0,13,4121.335375213672,121989.22843933105,126110.56381454473,137871.32779357303
330,2020-12-30,2,12,18039.07856674199,108892.23461151123,126931.31317825321,138673.681560043
331,2020-12-31,0,12,18039.07856674199,109570.61710357666,127609.69567031864,139911.25905572766
332,2021-01-04,0,12,18039.07856674199,107851.38778686523,125890.46635360722,138695.63552356968
333,2021-01-05,1,11,26726.269129180957,100567.10033416748,127293.36946334844,139758.09175882567
334,2021-01-06,1,12,16636.963466644338,111453.1702041626,128090.13367080694,141563.42488351272
335,2021-01-07,0,12,16636.963466644338,112134.19818878174,128771.16165542608,144277.9106443276
336,2021-01-08,0,12,16636.963466644338,112716.17221832275,129353.1356849671,146241.14492005674
337,2021-01-11,0,12,16636.963466644338,112757.63816833496,129394.6016349793,144790.96527872235
338,2021-01-12,1,12,16636.963466644338,112526.4461517334,129163.40961837774,145672.03999565088
339,2021-01-13,0,12,16636.963466644338,113048.42109680176,129685.3845634461,146145.83904327592
340,2021-01-14,0,12,16636.963466644338,113680.75065612793,130317.71412277228,145827.46631684288
341,2021-01-15,2,12,11967.932209014942,116545.48568725586,128513.4178962708,144363.97997122272
342,2021-01-19,0,12,11967.932209014942,118062.41035461426,130030.3425636292,145733.889123606
343,2021-01-20,1,11,17968.64629287725,112594.8501586914,130563.49645156866,147237.59390503372
344,2021-01-21,1,11,2466.922257232718,126646.49028778076,129113.41254501347,146792.91512067075
345,2021-01-22,0,11,2466.922257232718,126689.3856048584,129156.30786209111,146332.77431333478
346,2021-01-25,1,10,7741.071524047904,121843.46294403076,129584.53446807867,147086.65519339824
347,2021-01-26,0,10,7741.071524047904,122398.72741699219,130139.79894104009,146717.27917091292
348,2021-01-27,1,11,171.60872039800142,126102.45132446289,126274.06004486089,142574.98610589173
349,2021-01-28,0,11,171.60872039800142,127950.63571929932,128122.24443969732,143785.0746216273
350,2021-01-29,0,11,171.60872039800142,124959.11083221436,125130.71955261235,140721.93205325498
351,2021-02-01,0,11,171.60872039800142,125452.85511016846,125624.46383056646,142920.21261012662
352,2021-02-02,0,11,171.60872039800142,127577.7717590332,127749.3804794312,145680.53335542855
353,2021-02-03,1,11,171.60872039800142,127515.43140411377,127687.04012451177,145348.76363885103
354,2021-02-04,0,11,171.60872039800142,127946.33274078369,128117.94146118169,146915.81186520038
355,2021-02-05,1,10,31570.626365661676,97108.53519439697,128679.16156005865,147540.37625189984
356,2021-02-08,0,10,31570.626365661676,98405.23891448975,129975.86528015143,148903.138462445
357,2021-02-09,1,11,10015.602854919489,119047.21965789795,129062.82251281744,148456.1459462357
358,2021-02-10,1,10,19762.658270263728,108426.51748657227,128189.17575683599,147536.07211879647
359,2021-02-11,0,10,19762.658270263728,108180.6489944458,127943.30726470953,147831.30850800208
360,2021-02-12,1,10,16492.99532394415,111666.40396118164,128159.3992851258,148556.717685265
361,2021-02-16,0,10,16492.99532394415,112857.56378173828,129350.55910568243,148368.32032932036
362,2021-02-17,0,10,16492.99532394415,112793.62983703613,129286.62516098029,148464.16972902144
363,2021-02-18,1,11,11883.670333862363,116072.59826660156,127956.26860046393,147578.8288786053
364,2021-02-19,0,11,11883.670333862363,117383.54721069336,129267.21754455572,147100.0385621569
365,2021-02-22,0,11,11883.670333862363,117539.38369750977,129423.05403137213,145333.56285263298
366,2021-02-23,0,11,11883.670333862363,117891.56799316406,129775.23832702643,145023.65444861958
367,2021-02-24,1,12,6666.779258728085,126908.36296081543,133575.14221954352,147633.49865809293
368,2021-02-25,1,11,16688.849642944395,113108.16993713379,129797.01958007818,143549.6347859267
369,2021-02-26,0,11,16688.849642944395,111628.94515991211,128317.7948028565,142424.0549882028
370,2021-03-01,0,11,16688.849642944395,115207.55271911621,131896.40236206062,146102.82767196596
371,2021-03-02,0,11,16688.849642944395,114578.62815856934,131267.47780151374,144776.7723622418
372,2021-03-03,1,11,16688.849642944395,115281.0230255127,131969.8726684571,142874.98257950792
373,2021-03-04,0,11,16688.849642944395,114204.36096191406,130893.21060485845,140602.12942705484
374,2021-03-05,1,10,23959.6480148316,108530.94100952148,132490.58902435307,142533.34056157188
375,2021-03-08,0,10,23959.6480148316,109900.82473754883,133860.47275238042,141659.94786553446
376,2021-03-09,1,11,3733.8630630493717,130309.98306274414,134043.84612579353,145116.52337755088
377,2021-03-10,1,10,14151.896678161675,122041.9849395752,136193.88161773686,146234.94609399265
378,2021-03-11,0,10,14151.896678161675,122538.17520141602,136690.07187957768,147805.96644516138
379,2021-03-12,1,11,261.7190750122609,138584.33532714844,138846.0544021607,148224.4603968014
380,2021-03-15,2,10,19898.366526794493,119928.48701477051,139826.853541565,149034.62026050666
381,2021-03-16,0,10,19898.366526794493,118366.11137390137,138264.47790069587,148182.59773084626
382,2021-03-17,0,10,19898.366526794493,119855.75408935547,139754.12061614997,149208.76474356235
383,2021-03-18,1,11,8309.214283752499,129537.57247924805,137846.78676300053,146798.278870979
384,2021-03-19,0,11,8309.214283752499,128680.51414489746,136989.72842864995,146783.29598659938
385,2021-03-22,0,11,8309.214283752499,128892.61131286621,137201.8255966187,147737.80252909588
386,2021-03-23,0,11,8309.214283752499,126617.49687194824,134926.71115570073,146340.06597967644
387,2021-03-24,1,11,8309.214283752499,125935.80856323242,134245.0228469849,145129.7120646566
388,2021-03-25,1,10,13400.730890655575,122079.45747375488,135480.18836441045,146385.3153955864
389,2021-03-26,0,10,13400.730890655575,124238.95149230957,137639.68238296514,148426.42600173663
390,2021-03-29,0,10,13400.730890655575,124849.80163574219,138250.53252639776,148279.6158684102
391,2021-03-30,2,9,25357.195302581847,112834.5703125,138191.76561508185,148492.7962294557
392,2021-03-31,0,9,25357.195302581847,113051.67388916016,138408.869191742,149237.05119947935
393,2021-04-01,0,9,25357.195302581847,113568.63288879395,138925.8281913758,150311.09333816596
394,2021-04-05,1,8,38968.37511520392,101810.72845458984,140779.10356979375,152647.7106211129
395,2021-04-06,1,9,32688.665089416565,107683.05854797363,140371.72363739018,152567.485993922
396,2021-04-07,0,9,32688.665089416565,107211.2045288086,139899.86961822514,152255.5460166009
397,2021-04-08,0,9,32688.665089416565,107207.3226928711,139895.98778228764,152917.1287844073
398,2021-04-09,1,10,13264.08720245367,127458.54225158691,140722.62945404058,153700.82351103978
399,2021-04-12,1,11,10212.621773529108,130555.44166564941,140768.0634391785,154385.93919578602
400,2021-04-13,0,11,10212.621773529108,130384.97200012207,140597.59377365117,155695.4132049815
401,2021-04-14,0,11,10212.621773529108,130487.93830871582,140700.56008224492,154878.40621416926
402,2021-04-15,2,10,23844.227266693168,117066.15295410156,140910.38022079473,156395.26255185995
403,2021-04-16,0,10,23844.227266693168,117282.16304779053,141126.3903144837,156887.52942656248
404,2021-04-19,0,10,23844.227266693168,116129.42504882812,139973.6523155213,155632.25661771014
405,2021-04-20,1,9,43664.73934555059,93590.4878616333,137255.2272071839,154452.31571018175
406,2021-04-21,1,9,43664.73934555059,95037.09774017334,138701.83708572394,156070.39146270356
407,2021-04-22,0,9,43664.73934555059,94223.33068847656,137888.07003402716,154269.38600808434
408,2021-04-23,0,9,43664.73934555059,94290.3772354126,137955.1165809632,155808.498982545
409,2021-04-26,0,9,43664.73934555059,94404.85973358154,138069.59907913214,156108.12068406754
410,2021-04-27,1,10,30224.934261322072,108001.01833343506,138225.95259475714,155671.1594665726
411,2021-04-28,0,10,30224.934261322072,106757.67707824707,136982.61133956915,155503.2071186329
412,2021-04-29,0,10,30224.934261322072,108062.81471252441,138287.7489738465,156198.48362333796
413,2021-04-30,2,10,37806.511251068165,99516.02439880371,137322.53564987186,155928.60196604274
414,2021-05-03,1,10,37806.511251068165,99990.65170288086,137797.162953949,156268.8248310879
415,2021-05-04,0,10,37806.511251068165,99575.4451751709,137381.95642623905,155411.5218674632
416,2021-05-05,1,9,48305.97424087529,88804.72869873047,137110.70293960575,155990.1419620174
417,2021-05-06,1,10,35163.83055191045,102747.27382659912,137911.10437850957,157316.68186414815
418,2021-05-07,0,10,35163.83055191045,103840.842628479,139004.67318038945,158528.35245017393
419,2021-05-10,1,9,57572.65690994267,80415.90480804443,137988.56171798712,156629.68035743135
420,2021-05-11,0,9,57572.65690994267,79777.31094360352,137349.9678535462,155126.98063124192
421,2021-05-12,1,10,52634.53958511357,82681.46171569824,135316.00130081183,151775.9757013661
422,2021-05-13,0,10,52634.53958511357,83907.89222717285,136542.43181228644,153251.8115585116
423,2021-05-14,0,10,52634.53958511357,85386.23275756836,138020.77234268194,155609.07508376378
424,2021-05-17,0,10,52634.53958511357,85283.2592010498,137917.7987861634,155058.41871650878
425,2021-05-18,1,11,31996.889762115523,105347.11990356445,137344.00966567997,153949.64444639074
426,2021-05-19,0,11,31996.889762115523,105104.46395874023,137101.35372085575,153398.9887241356
427,2021-05-20,1,10,54716.35915298467,83074.79400634766,137791.15315933232,155241.1342267224
428,2021-05-21,1,11,30558.260855865523,107165.27900695801,137723.53986282353,155525.82542954473
429,2021-05-24,1,12,16757.715283966107,121213.22994232178,137970.94522628788,157253.92638525725
430,2021-05-25,1,11,22173.948892211956,114632.98053741455,136806.9294296265,156634.29924308334
431,2021-05-26,0,11,22173.948892211956,114596.65908813477,136770.60798034671,157293.34870314453
432,2021-05-27,1,12,2555.5530517578554,134063.42735290527,136618.98040466313,158045.65856872834
433,2021-05-28,0,12,2555.5530517578554,134542.91019439697,137098.46324615483,158204.59862086957
434,2021-06-01,0,12,2555.5530517578554,133794.22149658203,136349.7745483399,158091.73817644603
435,2021-06-02,0,12,2555.5530517578554,133982.42645263672,136537.97950439458,158026.0201852436
436,2021-06-03,1,12,2555.5530517578554,134699.25994873047,137254.81300048833,157520.9685167112
437,2021-06-04,0,12,2555.5530517578554,135214.32266235352,137769.87571411137,159074.22422830993
438,2021-06-07,0,12,2555.5530517578554,137181.866645813,139737.41969757085,159005.81382577764
439,2021-06-08,0,12,2555.5530517578554,136639.41097259521,139194.96402435307,158707.17329718688
440,2021-06-09,1,12,2555.5530517578554,136423.0812072754,138978.63425903325,158118.26970932874
441,2021-06-10,1,11,26006.588604736367,114488.07830810547,140494.66691284184,158837.0787982838
442,2021-06-11,0,11,26006.588604736367,113492.32597351074,139498.91457824712,159119.30743267463
443,2021-06-14,0,11,26006.588604736367,113488.60969543457,139495.19830017095,159216.81478920157
444,2021-06-15,2,11,24619.635847473182,114612.2055053711,139231.84135284426,158693.83090647045
445,2021-06-16,0,11,24619.635847473182,113589.81113433838,138209.44698181155,157829.66576368012
446,2021-06-17,0,11,24619.635847473182,113203.83644104004,137823.4722885132,157576.4849032207
447,2021-06-18,1,12,6277.008802795444,129872.20783233643,136149.21663513186,155645.15119562973
448,2021-06-21,1,13,463.67423095706545,137672.68180847168,138136.35603942873,157726.9216180607
449,2021-06-22,0,13,463.67423095706545,137807.62519836426,138271.2994293213,158388.22972532138
450,2021-06-23,0,13,463.67423095706545,136771.37966156006,137235.0538925171,158799.67429431985
451,2021-06-24,1,13,463.67423095706545,139276.67636871338,139740.35059967043,160393.14735292533
452,2021-06-25,1,12,5830.525981140171,134088.43593597412,139918.9619171143,160858.16357275168
453,2021-06-28,0,12,5830.525981140171,134105.8349609375,139936.36094207768,161351.72911056492
454,2021-06-29,0,12,5830.525981140171,134493.21784973145,140323.74383087162,161130.3938186903
455,2021-06-30,2,11,18899.864097595248,122091.3896560669,140991.25375366214,161455.82708011926
456,2021-07-01,0,11,18899.864097595248,122781.7741394043,141681.63823699954,162207.1714078838
457,2021-07-02,0,11,18899.864097595248,123508.27655792236,142408.1406555176,163057.03868602792
458,2021-07-06,1,11,18899.864097595248,122471.59538269043,141371.45948028567,161887.51840706752
459,2021-07-07,0,11,18899.864097595248,123015.61183929443,141915.47593688968,161997.50822682006
460,2021-07-08,0,11,18899.864097595248,122124.03392791748,141023.89802551272,160862.23961367318
461,2021-07-09,1,11,18899.864097595248,123171.72679901123,142071.59089660647,162808.99757713117
462,2021-07-12,1,12,11399.400405883822,130956.05697631836,142355.45738220218,164109.55288572685
463,2021-07-13,0,12,11399.400405883822,130406.4245223999,141805.82492828372,163187.1948241761
464,2021-07-14,0,12,11399.400405883822,130932.01866149902,142331.41906738284,162880.62438788338
465,2021-07-15,2,11,15171.022571563753,126488.51222991943,141659.53480148318,162497.53459086383
466,2021-07-16,0,11,15171.022571563753,125643.2300567627,140814.25262832645,161163.2071670722
467,2021-07-19,0,11,15171.022571563753,124289.9923324585,139461.01490402225,159024.96716602377
468,2021-07-20,1,10,20388.363533020052,120011.21997833252,140399.58351135257,161375.5496470841
469,2021-07-21,1,10,13836.743508911166,127147.76840209961,140984.51191101078,162703.10643121757
470,2021-07-22,0,10,13836.743508911166,127229.93221282959,141066.67572174076,162595.22670182463
471,2021-07-23,0,10,13836.743508911166,128126.75457000732,141963.4980789185,163591.75054982817
472,2021-07-26,0,10,13836.743508911166,127951.35173797607,141788.09524688724,164242.7285526621
473,2021-07-27,1,10,13836.743508911166,126269.1967010498,140105.94020996097,163344.45761474193
474,2021-07-28,0,10,13836.743508911166,126505.28373718262,140342.02724609378,163283.8685136137
475,2021-07-29,0,10,13836.743508911166,127191.2582397461,141028.00174865726,164608.26904193682
476,2021-07-30,2,10,12225.725702667269,128019.63005065918,140245.35575332644,163963.25559386337
477,2021-08-02,0,10,12225.725702667269,128273.41766357422,140499.14336624148,164079.12939260725
478,2021-08-03,1,10,12225.725702667269,130044.22569274902,142269.95139541628,165333.41702980644
479,2021-08-04,0,10,12225.725702667269,129483.4789276123,141709.20463027956,164333.3437998167
480,2021-08-05,1,9,31086.309983062776,110651.59721374512,141737.9071968079,165638.62434461457
481,2021-08-06,1,10,26099.288664245636,115776.82189941406,141876.1105636597,165842.24576590923
482,2021-08-09,1,11,16568.62980346683,125515.68031311035,142084.3101165772,165963.49294978863
483,2021-08-10,1,10,42999.728442382846,99751.0196685791,142750.74811096195,166496.69064243184
484,2021-08-11,0,10,42999.728442382846,100522.60475158691,143522.33319396977,167165.78999091015
485,2021-08-12,1,11,38416.11051025394,105510.42366027832,143926.53417053225,167847.40314255407
486,2021-08-13,0,11,38416.11051025394,105941.0285949707,144357.13910522463,167934.3590141027
487,2021-08-16,0,11,38416.11051025394,106027.95066833496,144444.0611785889,167705.4456415964
488,2021-08-17,0,11,38416.11051025394,106005.64155578613,144421.75206604006,166144.96915757493
489,2021-08-18,1,12,2447.0258911133133,140374.3621826172,142821.38807373052,165016.85983726647
490,2021-08-19,0,12,2447.0258911133133,139541.91284179688,141988.9387329102,164664.23938938582
491,2021-08-20,1,11,10026.402342224153,132293.3437347412,142319.74607696536,166024.75187589708
492,2021-08-23,0,11,10026.402342224153,133610.87112426758,143637.27346649172,167628.3262001866
493,2021-08-24,1,11,10026.402342224153,133709.7770690918,143736.17941131594,167910.10763061472
494,2021-08-25,1,10,28740.050553894074,114143.77555847168,142883.82611236576,168419.52526969294
495,2021-08-26,0,10,28740.050553894074,112789.54963684082,141529.6001907349,167356.89777653877
496,2021-08-27,1,11,27441.534136581453,114888.30738067627,142329.84151725774,168977.8430972752
497,2021-08-30,2,11,18957.91862754825,123047.51253128052,142005.43115882878,169493.0778380629
498,2021-08-31,0,11,18957.91862754825,121918.83449554443,140876.7531230927,169411.06063837526
499,2021-09-01,0,11,18957.91862754825,121991.36095046997,140949.27957801824,169166.60424621849
500,2021-09-02,0,11,18957.91862754825,121485.11810302734,140443.0367305756,169686.24136963062
501,2021-09-03,1,12,6236.720893478425,134143.53857040405,140380.25946388248,169486.2446046173
502,2021-09-07,0,12,6236.720893478425,133756.6156387329,139993.33653221134,169113.18727632595
503,2021-09-08,0,12,6236.720893478425,134058.74462127686,140295.46551475528,168953.14611451293
504,2021-09-09,1,12,6236.720893478425,133091.01753234863,139327.73842582706,168039.4025089238
505,2021-09-10,1,11,28651.795411300685,110360.91957092285,139012.71498222352,167003.53078439264
506,2021-09-13,0,11,28651.795411300685,110674.11308288574,139325.9084941864,167492.89246189676
507,2021-09-14,0,11,28651.795411300685,109652.78835296631,138304.58376426698,166165.97249840226
508,2021-09-15,2,11,27230.129917526272,111550.4147529602,138780.54467048647,167715.13221566865
509,2021-09-16,0,11,27230.129917526272,111587.8309249878,138817.96084251406,167387.5960150573
510,2021-09-17,0,11,27230.129917526272,110810.07165908813,138040.2015766144,166328.7956582888
511,2021-09-20,1,10,30664.597771835353,105906.91299438477,136571.5107662201,163220.97792225014
512,2021-09-21,1,11,16372.996364975003,120014.54315185547,136387.53951683047,163229.16264020943
513,2021-09-22,0,11,16372.996364975003,121964.26496505737,138337.26133003237,164789.7973083156
514,2021-09-23,0,11,16372.996364975003,124301.36661529541,140674.3629802704,166934.67961112576
515,2021-09-24,1,11,16372.996364975003,124650.01831054688,141023.01467552187,167351.0774751657
516,2021-09-27,1,11,16372.996364975003,124930.57508468628,141303.57144966128,167659.30683887104
517,2021-09-28,0,11,16372.996364975003,123650.76160430908,140023.75796928408,164693.96658685995
518,2021-09-29,0,11,16372.996364975003,124554.0153503418,140927.0117153168,165139.72086182842
519,2021-09-30,2,10,28984.40817527774,110448.35004806519,139432.7582233429,163077.10061581506
520,2021-10-01,0,10,28984.40817527774,112162.14323043823,141146.55140571596,164683.78528196772
521,2021-10-04,0,10,28984.40817527774,110170.97396850586,139155.3821437836,163320.77933707618
522,2021-10-05,1,9,35907.50856132511,103680.7409286499,139588.24948997502,164926.02428417877
523,2021-10-06,1,10,27757.926653671297,112153.33299636841,139911.25965003972,165371.70335054977
524,2021-10-07,0,10,27757.926653671297,113123.7003326416,140881.6269863129,166740.82852591286
525,2021-10-08,0,10,27757.926653671297,113100.50239562988,140858.4290493012,166461.45732793276
526,2021-10-11,0,10,27757.926653671297,111794.82860565186,139552.75525932317,165423.69942868367
527,2021-10-12,1,11,25935.0481758118,112947.68314361572,138882.73131942752,165379.64896872203
528,2021-10-13,0,11,25935.0481758118,112563.67025375366,138498.71842956546,165881.02686859653
529,2021-10-14,0,11,25935.0481758118,114117.6664352417,140052.7146110535,168581.69761677514
530,2021-10-15,2,11,25927.69395523075,115473.9761352539,141401.67009048467,170291.61503413922
531,2021-10-18,1,12,19930.42711334232,121143.6351776123,141074.06229095464,170985.6020483643
532,2021-10-19,0,12,19930.42711334232,122555.21812438965,142485.64523773198,171920.97098926167
533,2021-10-20,1,11,27105.888130188025,115876.46541595459,142982.3535461426,172657.9189061605
534,2021-10-21,1,12,23611.157798767126,118657.72094726562,142268.87874603274,173260.02667220664
535,2021-10-22,0,12,23611.157798767126,119089.9748802185,142701.13267898562,173853.86508021774
536,2021-10-25,1,11,59472.96963958744,83545.09363174438,143018.06327133183,176681.04828394894
537,2021-10-26,0,11,59472.96963958744,83894.52590942383,143367.49554901128,177053.96281867247
538,2021-10-27,1,12,54123.38114318852,88340.18659591675,142463.56773910526,175879.03470595705
539,2021-10-28,0,12,54123.38114318852,89356.2162399292,143479.5973831177,177945.63473900963
540,2021-10-29,0,12,54123.38114318852,88648.17199707031,142771.55314025882,178941.1876754727
541,2021-11-01,0,12,54123.38114318852,89492.70191192627,143616.08305511478,181252.10411037615
542,2021-11-02,0,12,54123.38114318852,89648.76079559326,143772.14193878177,181420.64164470934
543,2021-11-03,1,13,21837.007351684613,123593.14842224121,145430.15577392583,183515.48425539437
544,2021-11-04,0,13,21837.007351684613,123515.39897918701,145352.40633087163,184745.2334172698
545,2021-11-05,1,12,23629.048068618817,122339.09873962402,145968.14680824283,185077.95093844962
546,2021-11-08,0,12,23629.048068618817,122357.9969406128,145987.0450092316,184347.88387605778
547,2021-11-09,1,12,23629.048068618817,122021.1410522461,145650.1891208649,181000.41996938759
548,2021-11-10,1,11,29219.886372757,115929.94728088379,145149.8336536408,180929.09793094374
549,2021-11-11,0,11,29219.886372757,115783.3963394165,145003.2827121735,181070.31746756175
550,2021-11-12,1,12,19959.670883560222,125420.66097259521,145380.33185615545,181328.32868897088
551,2021-11-15,2,12,17364.82678565983,128454.57057952881,145819.39736518863,180782.12815398275
552,2021-11-16,0,12,17364.82678565983,128521.68941497803,145886.51620063785,181852.4937016362
553,2021-11-17,0,12,17364.82678565983,128754.11834716797,146118.9451328278,181737.15933669763
554,2021-11-18,1,13,2878.4151493072895,143594.35482025146,146472.76996955875,182135.23647438834
555,2021-11-19,0,13,2878.4151493072895,142563.68198394775,145442.09713325504,182364.2851351286
556,2021-11-22,0,13,2878.4151493072895,143712.93087005615,146591.34601936344,182728.27272637893
557,2021-11-23,0,13,2878.4151493072895,144757.8649520874,147636.2801013947,182415.50371941683
558,2021-11-24,1,13,2878.4151493072895,144292.86632537842,147171.2814746857,182679.79523870608
559,2021-11-26,0,13,2878.4151493072895,142451.11198425293,145329.52713356022,178531.456151686
560,2021-11-29,0,13,2878.4151493072895,142773.7319946289,145652.1471439362,181143.48889987968
561,2021-11-30,2,12,19307.371881485025,123672.66292572021,142980.03480720523,177761.0461190791
562,2021-12-01,0,12,19307.371881485025,123000.28438568115,142307.65626716617,175034.71199315993
563,2021-12-02,0,12,19307.371881485025,124763.44833374023,144070.82021522525,177508.0299892663
564,2021-12-03,1,13,13191.88468055729,131503.71208190918,144695.59676246648,175228.8951049296
565,2021-12-06,1,14,7760.166997909585,138801.2819290161,146561.4489269257,176752.8675916698
566,2021-12-07,0,14,7760.166997909585,139484.32788848877,147244.49488639834,180397.22845706748
567,2021-12-08,0,14,7760.166997909585,139419.36988830566,147179.53688621524,180591.58490746637
568,2021-12-09,1,15,1799.8513523102201,146131.96296691895,147931.81431922916,178422.46875419907
569,2021-12-10,1,14,7911.471795272867,142329.52613830566,150240.99793357853,180366.95971468862
570,2021-12-13,0,14,7911.471795272867,141756.5761566162,149668.04795188908,177762.3681863432
571,2021-12-14,0,14,7911.471795272867,142210.88256835938,150122.35436363224,176949.7541078112
572,2021-12-15,2,13,13464.979514694254,137404.3649673462,150869.34448204044,179890.0758261428
573,2021-12-16,0,13,13464.979514694254,138553.19061279297,152018.17012748722,178425.27437365422
574,2021-12-17,0,13,13464.979514694254,136163.9862060547,149628.96572074894,176302.06408114094
575,2021-12-20,1,12,22500.883788681072,125512.15763092041,148013.04141960148,174041.34223842525
576,2021-12-21,1,12,22500.883788681072,126666.53347015381,149167.41725883487,177136.11193780592
577,2021-12-22,0,12,22500.883788681072,127514.1580581665,150015.04184684757,179819.2399953808
578,2021-12-23,0,12,22500.883788681072,128262.97779083252,150763.86157951358,181986.19957129026
579,2021-12-27,1,12,22500.883788681072,129337.10823059082,151837.9920192719,184509.39687053807
580,2021-12-28,0,12,22500.883788681072,129679.34112548828,152180.22491416935,184253.5156916833
581,2021-12-29,0,12,22500.883788681072,129911.10877990723,152411.9925685883,184389.30961529768
582,2021-12-30,2,12,47952.05599479679,103998.89545440674,151950.95144920354,183790.58361046136
583,2021-12-31,0,12,47952.05599479679,103987.71419525146,151939.77019004826,183332.81186534464
584,2022-01-03,1,13,31577.40581474308,121068.00365447998,152645.40946922306,187171.2346837318
585,2022-01-04,0,13,31577.40581474308,122480.42507171631,154057.8308864594,187173.39053321147
586,2022-01-05,1,12,37639.92345771793,115892.15831756592,153532.08177528385,183427.06237755297
587,2022-01-06,1,13,27532.41740455631,125567.03834533691,153099.4557498932,183195.6095555593
588,2022-01-07,0,13,27532.41740455631,125191.22047424316,152723.63787879946,182037.52930672813
589,2022-01-10,1,12,33613.32013969425,117759.6887588501,151373.00889854436,182431.75690857798
590,2022-01-11,0,12,33613.32013969425,119207.80963897705,152821.1297786713,183788.361137811
591,2022-01-12,1,13,31665.97772331242,120969.93770599365,152635.91542930607,184746.24214149526
592,2022-01-13,0,13,31665.97772331242,120459.82818603516,152125.80590934757,181714.7366611687
593,2022-01-14,0,13,31665.97772331242,120145.31555175781,151811.29327507023,181853.2273656153
594,2022-01-18,1,13,29655.319039154092,120299.84321594238,149955.16225509648,178608.65301131946
595,2022-01-19,0,13,29655.319039154092,119869.43435668945,149524.75339584355,176190.77397008153
596,2022-01-20,1,12,35459.53131484989,113841.26396179199,149300.79527664187,174612.9973519716
597,2022-01-21,1,13,19258.584476470984,129188.9554977417,148447.53997421268,170881.75507381881
598,2022-01-24,1,13,19258.584476470984,129705.299949646,148963.88442611697,170798.40900397216
599,2022-01-25,1,12,32129.781461334263,117227.70042419434,149357.4818855286,169392.14171427672
600,2022-01-26,0,12,32129.781461334263,116274.69081878662,148404.47228012088,169383.20574720952
601,2022-01-27,1,12,32129.781461334263,117073.21968078613,149203.0011421204,166921.47056802348
602,2022-01-28,0,12,32129.781461334263,118638.37909698486,150768.16055831913,170158.87164901916
603,2022-01-31,0,12,32129.781461334263,119391.59126281738,151521.37272415165,174360.26513438945
604,2022-02-01,0,12,32129.781461334263,119811.18297576904,151940.9644371033,175857.89735230396
605,2022-02-02,0,12,32129.781461334263,120082.48310089111,152212.26456222538,176446.9993096397
606,2022-02-03,1,12,30169.526461029087,122262.60719299316,152432.13365402224,173107.98831101612
607,2022-02-04,0,12,30169.526461029087,121654.76455688477,151824.29101791384,173742.88767459677
608,2022-02-07,0,12,30169.526461029087,121788.46702575684,151957.9934867859,173208.33211845616
609,2022-02-08,0,12,30169.526461029087,122034.26094055176,152203.78740158083,174514.6325430428
610,2022-02-09,1,13,25243.791945648227,127379.12368774414,152622.91563339237,176615.4442783416
611,2022-02-10,1,12,40741.241402435335,110197.27973937988,150938.52114181523,173390.3256482858
612,2022-02-11,0,12,40741.241402435335,109017.54341125488,149758.78481369023,169732.22147116426
613,2022-02-14,0,12,40741.241402435335,108303.88679504395,149045.1281974793,169411.42256507368
614,2022-02-15,2,12,32971.76703109744,117051.56288146973,150023.32991256716,172691.7879420828
615,2022-02-16,0,12,32971.76703109744,117062.3779296875,150034.14496078494,172820.5122069003
616,2022-02-17,0,12,32971.76703109744,114920.75958251953,147892.52661361697,168730.3478027051
617,2022-02-18,1,13,23150.93624191287,124173.68965148926,147324.62589340212,167392.7466869393
618,2022-02-22,0,13,23150.93624191287,122786.17897033691,145937.11521224977,165230.23735801483
619,2022-02-23,0,13,23150.93624191287,121384.50317382812,144535.43941574098,161795.4344139988
620,2022-02-24,1,13,7511.562578582792,136553.76663208008,144065.32921066287,163449.12431010537
621,2022-02-25,1,12,11018.185409545928,137232.49053955078,148250.6759490967,167356.30859771714
622,2022-02-28,0,12,11018.185409545928,136020.01762390137,147038.2030334473,167865.18433893024
623,2022-03-01,0,12,11018.185409545928,133034.8575592041,144053.04296875003,165073.78924372603
624,2022-03-02,0,12,11018.185409545928,135169.48165893555,146187.66706848147,168235.43051457513
625,2022-03-03,1,13,6300.887718200714,140069.49081420898,146370.3785324097,166865.2516987244
626,2022-03-04,0,13,6300.887718200714,139657.02590942383,145957.91362762454,165555.3273119859
627,2022-03-07,0,13,6300.887718200714,138140.4972076416,144441.3849258423,160865.49227959453
628,2022-03-08,0,13,6300.887718200714,136321.2797164917,142622.1674346924,160324.8642376435
629,2022-03-09,1,14,228.34741516116264,144245.9888458252,144474.33626098637,164550.69721374763
630,2022-03-10,1,13,3434.297924041778,141078.62968444824,144512.92760849002,163581.92320339367
631,2022-03-11,0,13,3434.297924041778,140061.616897583,143495.91482162478,161273.32643079537
632,2022-03-14,0,13,3434.297924041778,140110.65254211426,143544.95046615603,160311.8365914978
633,2022-03-15,2,12,7923.397055053741,137833.69522094727,145757.092276001,163816.97582135492
634,2022-03-16,0,12,7923.397055053741,139612.86582946777,147536.2628845215,167484.04547446742
635,2022-03-17,0,12,7923.397055053741,141784.84649658203,149708.24355163577,169932.52809509877
636,2022-03-18,1,13,2360.026210784942,147253.1177520752,149613.14396286014,171988.6569586837
637,2022-03-21,1,13,2360.026210784942,147159.31701660156,149519.3432273865,172035.47279385373
638,2022-03-22,0,13,2360.026210784942,147945.76301574707,150305.789226532,174932.3159659782
639,2022-03-23,0,13,2360.026210784942,146754.47845458984,149114.50466537478,172794.84911506533
640,2022-03-24,1,13,2360.026210784942,147931.82487487793,150291.85108566287,175239.55876173827
641,2022-03-25,1,12,11415.188156890898,140012.8807067871,151428.068863678,175877.9979321927
642,2022-03-28,0,12,11415.188156890898,140170.28732299805,151585.47547988893,178179.98185572855
643,2022-03-29,0,12,11415.188156890898,140924.702835083,152339.8909919739,180126.81910711198
644,2022-03-30,2,11,16868.127610015898,135485.3485107422,152353.47612075807,179027.02565643415
645,2022-03-31,0,11,16868.127610015898,133580.23948669434,150448.36709671022,176232.73211768808
646,2022-04-01,0,11,16868.127610015898,134004.41131591797,150872.53892593386,176612.21263715057
647,2022-04-04,0,11,16868.127610015898,133868.59855651855,150736.72616653444,178591.78539973477
648,2022-04-05,1,10,23120.86539916995,127156.64939880371,150277.51479797365,175601.63223033535
649,2022-04-06,1,10,5099.093627929717,146130.2089691162,151229.30259704593,173707.4276458361
650,2022-04-07,0,10,5099.093627929717,146243.21632385254,151342.30995178226,174648.199440569
651,2022-04-08,0,10,5099.093627929717,146766.60804748535,151865.70167541507,173919.62574724387
652,2022-04-11,0,10,5099.093627929717,144080.7773590088,149179.8709869385,170864.44189256153
653,2022-04-12,1,10,5099.093627929717,144215.7325744629,149314.8262023926,170525.23250063683
654,2022-04-13,0,10,5099.093627929717,145548.59046936035,150647.68409729007,172564.4774980574
655,2022-04-14,0,10,5099.093627929717,145702.2762298584,150801.36985778812,170748.08588112265
656,2022-04-18,1,10,5099.093627929717,145074.41864013672,150173.51226806644,170926.1310464121
657,2022-04-19,0,10,5099.093627929717,147881.39266967773,152980.48629760745,173560.08926999383
658,2022-04-20,1,9,9815.204789733916,143785.3157043457,153600.52049407962,172510.06048571438
659,2022-04-21,1,10,241.55086975100676,152041.3055419922,152282.85641174318,171201.90055548065
660,2022-04-22,0,10,241.55086975100676,148704.16679382324,148945.71766357424,166966.39249381292
661,2022-04-25,1,9,13096.788626098663,136946.27647399902,150043.06510009768,167420.17970965337
662,2022-04-26,0,9,13096.788626098663,134828.413772583,147925.20239868166,161240.73400307764
663,2022-04-27,1,9,13096.788626098663,134168.37425231934,147265.162878418,161295.87408304526
664,2022-04-28,0,9,13096.788626098663,136133.92524719238,149230.71387329104,164512.4878648497
665,2022-04-29,0,9,13096.788626098663,132686.13929748535,145782.927923584,159343.40032103192
666,2022-05-02,0,9,13096.788626098663,131944.21195983887,145041.00058593752,160867.2337421267
667,2022-05-03,1,10,446.53862609866337,144514.17198181152,144960.71060791018,161618.86574820313
668,2022-05-04,0,10,446.53862609866337,148113.9289855957,148560.46761169436,166950.65567517097
669,2022-05-05,1,9,9244.460041809112,135697.2255706787,144941.6856124878,161122.0774348791
670,2022-05-06,1,10,532.0489425659489,143851.7421722412,144383.79111480716,160459.5335292066
671,2022-05-09,1,10,532.0489425659489,141049.10736083984,141581.1563034058,155103.95647830912
672,2022-05-10,1,9,11400.925433349641,129660.53695678711,141061.46239013676,155300.5290316634
673,2022-05-11,0,9,11400.925433349641,129281.43615722656,140682.3615905762,152392.9741187178
674,2022-05-12,1,9,4608.045501709016,135835.5495452881,140443.5950469971,152242.93809551597
675,2022-05-13,0,9,4608.045501709016,136985.76202392578,141593.8075256348,155904.0307407348
676,2022-05-16,0,9,4608.045501709016,137648.57482910156,142256.62033081058,154764.40185587737
677,2022-05-17,0,9,4608.045501709016,139669.06967163086,144277.11517333987,158104.3213580962
678,2022-05-18,1,9,4608.045501709016,136398.58512878418,141006.6306304932,151389.81578665366
679,2022-05-19,0,9,4608.045501709016,135670.2781677246,140278.32366943362,150263.54334709147
680,2022-05-20,1,8,18674.826263427767,122933.42475891113,141608.2510223389,149588.82269298256
681,2022-05-23,0,8,18674.826263427767,125759.12742614746,144433.95368957522,152101.4389910991
682,2022-05-24,1,9,12288.1916183472,132547.10502624512,144835.2966445923,150718.55486402145
683,2022-05-25,1,8,20644.892141723663,124771.89979553223,145416.79193725588,152583.4530421438
684,2022-05-26,0,8,20644.892141723663,125958.6368560791,146603.52899780276,156047.38559926065
685,2022-05-27,1,8,20644.892141723663,127367.56973266602,148012.46187438967,160086.83818571756
686,2022-05-31,0,8,20644.892141723663,126200.34141540527,146845.23355712893,159185.66079476176
687,2022-06-01,0,8,20644.892141723663,125403.41758728027,146048.30972900393,157740.03014411987
688,2022-06-02,0,8,20644.892141723663,125974.23210144043,146619.1242431641,160840.8809619446
689,2022-06-03,1,9,6035.115676879914,139766.30172729492,145801.41740417483,157609.27313791023
690,2022-06-06,1,9,6035.115676879914,139630.2417755127,145665.3574523926,158078.19528200888
691,2022-06-07,0,9,6035.115676879914,141378.21159362793,147413.32727050784,159414.44299901143
692,2022-06-08,0,9,6035.115676879914,139954.17594909668,145989.2916259766,157951.03432509964
693,2022-06-09,1,9,6035.115676879914,136895.94955444336,142931.06523132327,154758.24418561775
694,2022-06-10,1,8,16692.34965057376,124181.54792785645,140873.89757843022,150372.50177020876
695,2022-06-13,0,8,16692.34965057376,120808.91456604004,137501.2642166138,144530.54342451546
696,2022-06-14,0,8,16692.34965057376,119822.82752990723,136515.177180481,144508.8599615373
697,2022-06-15,2,8,22483.2761268616,115073.291015625,137556.5671424866,146738.48886639468
698,2022-06-16,0,8,22483.2761268616,113805.33332824707,136288.60945510867,141678.63429247148
699,2022-06-17,0,8,22483.2761268616,114244.67697143555,136727.95309829715,141842.26554789013
700,2022-06-21,1,9,19220.198284912138,120262.49160766602,139482.68989257814,146183.4126458494
701,2022-06-22,0,9,19220.198284912138,121608.48236083984,140828.68064575197,145812.3559818286
702,2022-06-23,0,9,19220.198284912138,123045.37734985352,142265.57563476564,146661.23500804638
703,2022-06-24,1,10,11049.147132873564,133672.04132080078,144721.18845367435,151325.7928531451
704,2022-06-27,1,10,11049.147132873564,133484.94338989258,144534.09052276614,150855.55971420198
705,2022-06-28,0,10,11049.147132873564,130871.75102233887,141920.89815521243,147925.78371997122
706,2022-06-29,0,10,11049.147132873564,130732.78923034668,141781.93636322024,147292.70513080334
707,2022-06-30,2,9,20243.1619812012,121090.62328338623,141333.78526458744,146115.5004260384
708,2022-07-01,0,9,20243.1619812012,122492.82188415527,142735.98386535648,147414.68536665794
709,2022-07-05,1,8,33971.649737548854,108104.10194396973,142075.75168151857,147294.10321974632
710,2022-07-06,1,9,998.2662414551014,140689.88819122314,141688.15443267825,147426.84141168886
711,2022-07-07,0,9,998.2662414551014,141160.82916259766,142159.09540405276,149964.1946224526
712,2022-07-08,0,9,998.2662414551014,141478.63121032715,142476.89745178225,150176.56840957442
713,2022-07-11,0,9,998.2662414551014,141114.3295288086,142112.5957702637,147946.09160396561
714,2022-07-12,1,9,998.2662414551014,139297.12200164795,140295.38824310305,146969.57241491321
715,2022-07-13,0,9,998.2662414551014,138937.23907470703,139935.50531616213,146444.33098191777
716,2022-07-14,0,9,998.2662414551014,138744.98691558838,139743.25315704348,145980.40984497973
717,2022-07-15,2,8,16329.541754150414,126514.48059082031,142844.02234497073,148771.76570567628
718,2022-07-18,1,8,16329.541754150414,124235.6632232666,140565.20497741702,147835.7999699561
719,2022-07-19,0,8,16329.541754150414,125359.26399230957,141688.80574645998,151687.87817871562
720,2022-07-20,1,7,21512.939659881617,119594.78454589844,141107.72420578005,152242.04724686858
721,2022-07-21,1,8,9957.87569046023,132060.49995422363,142018.37564468387,154846.90032368994
722,2022-07-22,0,8,9957.87569046023,132628.4008026123,142586.27649307254,153956.8388011099
723,2022-07-25,1,7,25306.117020416285,117919.93370056152,143226.0507209778,154178.7321632762
724,2022-07-26,0,7,25306.117020416285,117752.34146118164,143058.45848159792,152201.9714915745
725,2022-07-27,1,8,2585.767020416286,140472.44720458984,143058.21422500612,155889.57980955412
726,2022-07-28,0,8,2585.767020416286,141748.89450073242,144334.6615211487,157711.30111246518
727,2022-07-29,0,8,2585.767020416286,141994.45610046387,144580.22312088014,160073.3470321614
728,2022-08-01,0,8,2585.767020416286,141281.2816619873,143867.04868240358,160046.5762595607
729,2022-08-02,0,8,2585.767020416286,139698.5466003418,142284.31362075807,159047.13596755182
730,2022-08-03,1,8,2585.767020416286,140565.88134765625,143151.64836807252,161436.12446904505
731,2022-08-04,0,8,2585.767020416286,138963.79776000977,141549.56478042604,161249.2315385566
732,2022-08-05,1,7,25218.410898590115,115811.53182983398,141029.9427284241,159957.00369492872
733,2022-08-08,0,7,25218.410898590115,115566.88117980957,140785.29207839968,159915.1699955417
734,2022-08-09,1,7,25218.410898590115,115399.1771697998,140617.58806838992,158963.14640329528
735,2022-08-10,1,6,75975.96664199831,65485.0212097168,141460.98785171512,162459.10325378887
736,2022-08-11,0,6,75975.96664199831,65709.423828125,141685.39047012333,162325.3470726887
737,2022-08-12,1,6,63738.540917205835,79422.25151062012,143160.79242782595,165535.7637618721
738,2022-08-15,2,6,41209.408728027374,102571.8563079834,143781.26503601077,166740.1643311412
739,2022-08-16,0,6,41209.408728027374,102797.11456298827,144006.52329101565,167085.80939349128
740,2022-08-17,0,6,41209.408728027374,102949.47319030762,144158.88191833498,165725.60299258196
741,2022-08-18,1,7,33221.46460571292,110875.54054260254,144097.00514831545,166130.474198773
742,2022-08-19,0,7,33221.46460571292,110595.28503417969,143816.7496398926,164155.40081951267
743,2022-08-22,0,7,33221.46460571292,109388.36708068848,142609.8316864014,160679.4382158042
744,2022-08-23,0,7,33221.46460571292,108189.36004638672,141410.82465209963,160727.88527219233
745,2022-08-24,1,8,25589.2307891846,116371.98829650879,141961.2190856934,161040.68573325136
746,2022-08-25,1,7,33262.852728271515,110107.06405639648,143369.916784668,162954.3247805717
747,2022-08-26,0,7,33262.852728271515,107331.11724853516,140593.96997680666,157727.34655754024
748,2022-08-29,0,7,33262.852728271515,106672.81837463379,139935.6711029053,156696.67373042405
749,2022-08-30,2,7,21499.438346099887,117603.00369262695,139102.44203872685,154855.90921714358
750,2022-08-31,0,7,21499.438346099887,116273.00109863281,137772.4394447327,153658.97627277908
751,2022-09-01,0,7,21499.438346099887,117823.00109863281,139322.4394447327,154340.31266523898
752,2022-09-02,0,7,21499.438346099887,116300.99716186523,137800.43550796513,152485.58594045922
753,2022-09-06,1,8,4514.536896514925,133656.00051879883,138170.53741531377,152204.17712766866
754,2022-09-07,0,8,4514.536896514925,136110.00213623047,140624.5390327454,155008.90265240645
755,2022-09-08,0,8,4514.536896514925,137520.9991455078,142035.53604202275,156366.66922984004
756,2022-09-09,1,8,4514.536896514925,138598.99978637695,143113.5366828919,158861.8998232568
